Date,Open,High,Low,Close,Volume,Company
2019-01-01,39.94,40.29,39.84,40,37841583,Apple
2019-01-01,59.97,60.29,59.75,60,104169472,Tesla
2019-01-02,40.34,40.61,40.17,40.3,46272447,Apple
2019-01-02,57.73,58.3,57.6,58.01,69157027,Tesla
2019-01-03,40.14,40.5,39.82,40.21,87569986,Apple
2019-01-03,57.67,57.98,57.4,57.69,94715300,Tesla
2019-01-04,40.61,40.61,40.25,40.61,99607155,Apple
2019-01-04,57.3,57.72,56.98,57.41,78495708,Tesla
2019-01-07,41.53,41.62,41.41,41.53,118914436,Apple
2019-01-07,57.55,57.71,57.47,57.56,70045508,Tesla
2019-01-08,41.48,41.75,41.03,41.39,55160184,Apple
2019-01-08,56.8,57.01,56.48,56.8,103895092,Tesla
2019-01-09,41.28,41.48,40.89,41.24,66708163,Apple
2019-01-09,55.61,55.86,55.39,55.57,70143355,Tesla
2019-01-10,42.22,42.22,41.89,42.22,37584256,Apple
2019-01-10,56.65,56.79,56.43,56.71,82075223,Tesla
2019-01-11,42.77,43.12,42.64,42.7,93743450,Apple
2019-01-11,57.91,58.22,57.75,57.96,45511762,Tesla
2019-01-14,42.52,42.85,42.11,42.4,40909659,Apple
2019-01-14,58.19,58.67,57.57,58.11,31297291,Tesla
2019-01-15,42.8,43.03,42.34,42.75,109118270,Apple
2019-01-15,58.24,58.82,57.84,58.33,57588019,Tesla
2019-01-16,42.45,42.48,42.16,42.45,47609116,Apple
2019-01-16,59.22,59.68,59.06,59.44,96511888,Tesla
2019-01-17,42.04,42.48,41.91,42.16,95029201,Apple
2019-01-17,59.59,59.9,59.19,59.58,42924414,Tesla
2019-01-18,42.22,42.56,42.01,42.31,48808715,Apple
2019-01-18,59.33,59.35,58.7,59.2,86202337,Tesla
2019-01-21,41.07,41.42,40.8,41.09,89263692,Apple
2019-01-21,59.32,59.72,59,59.24,65013930,Tesla
2019-01-22,39.98,40.33,39.78,40.03,59333160,Apple
2019-01-22,60.5,60.74,59.97,60.47,95400378,Tesla
2019-01-23,39.68,40.01,39.63,39.69,99090817,Apple
2019-01-23,60.67,60.94,60.43,60.52,102846722,Tesla
2019-01-24,39.09,39.3,38.97,39.09,22784975,Apple
2019-01-24,60.04,60.57,59.42,59.92,115704348,Tesla
2019-01-25,39.32,39.37,38.96,39.27,102738095,Apple
2019-01-25,60.01,60.32,59.68,60.05,54623509,Tesla
2019-01-28,38.73,39,38.4,38.74,28371223,Apple
2019-01-28,60.67,60.68,60.5,60.64,24927653,Tesla
2019-01-29,37.96,38.19,37.87,37.92,81803618,Apple
2019-01-29,61.16,61.3,60.88,61.13,46342876,Tesla
2019-01-30,38.76,39.04,38.38,38.75,28840597,Apple
2019-01-30,61.62,61.93,61.01,61.63,76435185,Tesla
2019-01-31,38.47,38.69,38.34,38.62,79539811,Apple
2019-01-31,61.01,61.27,60.39,60.87,66838193,Tesla
2019-02-01,38.59,38.74,38.33,38.66,102833209,Apple
2019-02-01,61.55,62.1,61.2,61.57,114595829,Tesla
2019-02-04,37.82,38.17,37.54,37.83,28126492,Apple
2019-02-04,61.54,61.93,61.47,61.6,79570409,Tesla
2019-02-05,37.43,37.81,37.13,37.53,106963106,Apple
2019-02-05,60.62,61.36,60.37,60.94,98082884,Tesla
2019-02-06,37.63,37.97,37.23,37.59,64087791,Apple
2019-02-06,61.54,61.93,61.38,61.64,107467677,Tesla
2019-02-07,37.05,37.33,36.82,36.94,20148469,Apple
2019-02-07,61.06,61.49,61.01,61.22,72908694,Tesla
2019-02-08,37.24,37.46,36.83,37.15,64280462,Apple
2019-02-08,59.77,60.04,59.44,59.77,100912374,Tesla
2019-02-11,36.8,37.05,36.75,36.81,40947771,Apple
2019-02-11,58.73,59.12,58.21,58.88,74141652,Tesla
2019-02-12,36.76,37.09,36.39,36.65,102882910,Apple
2019-02-12,58.79,59.1,58.32,58.71,106180215,Tesla
2019-02-13,36.33,36.54,36.05,36.32,86894377,Apple
2019-02-13,59.36,59.5,59.08,59.22,115703342,Tesla
2019-02-14,37.3,37.57,37.05,37.33,100807912,Apple
2019-02-14,58.45,58.98,58.12,58.46,32020116,Tesla
2019-02-15,37.28,37.38,37.18,37.32,104402474,Apple
2019-02-15,58.13,58.44,57.58,58.25,67992595,Tesla
2019-02-18,36.71,36.9,36.39,36.73,116048847,Apple
2019-02-18,57.22,57.3,56.77,57.18,20509590,Tesla
2019-02-19,37.15,37.45,37.09,37.18,38868041,Apple
2019-02-19,58.24,58.3,57.62,58.02,21602243,Tesla
2019-02-20,36.51,36.61,36.48,36.5,62463152,Apple
2019-02-20,59.71,59.72,58.94,59.52,98680980,Tesla
2019-02-21,36.63,36.7,36.35,36.62,84018079,Apple
2019-02-21,60.78,61.21,60.3,60.96,69182740,Tesla
2019-02-22,35.54,35.65,35.37,35.54,98201586,Apple
2019-02-22,61.66,61.95,61.58,61.84,82505216,Tesla
2019-02-25,34.86,34.95,34.54,34.83,100989847,Apple
2019-02-25,62.43,62.65,62.21,62.64,96280206,Tesla
2019-02-26,35.02,35.09,34.8,34.93,50459094,Apple
2019-02-26,60.55,61.01,59.97,60.69,36535056,Tesla
2019-02-27,35.39,35.54,35.26,35.32,81799966,Apple
2019-02-27,60.88,61.3,60.56,60.85,41495858,Tesla
2019-02-28,35.31,35.73,35.01,35.41,75576434,Apple
2019-02-28,60.33,60.45,60.27,60.4,52381374,Tesla
2019-03-01,35.17,35.53,34.98,35.35,27249127,Apple
2019-03-01,61.1,61.48,60.82,61.2,85576205,Tesla
2019-03-04,35.26,35.32,35.12,35.19,112806937,Apple
2019-03-04,58.99,59.43,58.46,58.87,94760786,Tesla
2019-03-05,34.32,34.44,34.07,34.41,69440284,Apple
2019-03-05,59.1,59.68,58.45,59.04,35348529,Tesla
2019-03-06,34.02,34.28,33.85,34.04,34673090,Apple
2019-03-06,58.65,59.24,58.46,58.85,86491003,Tesla
2019-03-07,33.72,33.93,33.52,33.8,57938509,Apple
2019-03-07,59.95,60.1,59.53,59.84,110607393,Tesla
2019-03-08,34.22,34.62,34.06,34.34,119954431,Apple
2019-03-08,61.29,61.73,60.69,61.23,69282309,Tesla
2019-03-11,34.55,34.78,34.23,34.52,116811800,Apple
2019-03-11,60.44,60.8,60.16,60.37,55138924,Tesla
2019-03-12,33.66,33.92,33.33,33.6,21129775,Apple
2019-03-12,59.5,59.7,59.44,59.57,97767728,Tesla
2019-03-13,33.73,33.86,33.49,33.77,78456896,Apple
2019-03-13,59.76,60.29,59.19,59.78,46672645,Tesla
2019-03-14,33.4,33.81,33.36,33.57,54725365,Apple
2019-03-14,61.09,61.6,60.79,61.33,64340852,Tesla
2019-03-15,33.2,33.32,32.92,33.23,104745814,Apple
2019-03-15,61.49,62.09,61.08,61.39,49709429,Tesla
2019-03-18,33.56,33.88,33.31,33.54,58761620,Apple
2019-03-18,60.09,60.65,59.72,60.21,96940740,Tesla
2019-03-19,33.95,34.27,33.72,34.06,114532416,Apple
2019-03-19,59.56,60.05,59.56,59.66,116588550,Tesla
2019-03-20,34.54,34.66,34.41,34.53,21872154,Apple
2019-03-20,59.74,60.28,59.18,59.84,51760224,Tesla
2019-03-21,34.1,34.19,33.8,34.1,61459049,Apple
2019-03-21,60.28,60.56,59.84,60.06,49920204,Tesla
2019-03-22,33.98,34.04,33.69,33.94,81428090,Apple
2019-03-22,59.35,59.73,59.11,59.43,84083890,Tesla
2019-03-25,34.11,34.35,34.07,34.11,20913605,Apple
2019-03-25,58.98,59.48,58.77,58.87,68522880,Tesla
2019-03-26,34.54,34.68,34.4,34.61,106895606,Apple
2019-03-26,58,58.4,57.78,58,72832938,Tesla
2019-03-27,34.44,34.64,34.05,34.36,113785087,Apple
2019-03-27,58.9,59.52,58.42,58.99,48818458,Tesla
2019-03-28,34.25,34.35,34.23,34.26,45182763,Apple
2019-03-28,58.14,58.77,57.67,58.26,96348102,Tesla
2019-03-29,33.69,33.92,33.37,33.69,84971107,Apple
2019-03-29,57.78,58.41,57.24,57.85,39739152,Tesla
2019-04-01,33.03,33.36,32.8,33.09,98038555,Apple
2019-04-01,57.41,57.82,57.18,57.42,57638828,Tesla
2019-04-02,33.46,33.75,33.25,33.49,116775596,Apple
2019-04-02,56.11,56.39,55.64,56.04,112662372,Tesla
2019-04-03,34.11,34.43,34.02,34.17,89141520,Apple
2019-04-03,55.26,55.4,54.98,55.31,84719033,Tesla
2019-04-04,34.12,34.2,34.04,34.14,26490750,Apple
2019-04-04,56.27,56.73,55.82,56.33,39692215,Tesla
2019-04-05,34.77,34.8,34.32,34.65,27221626,Apple
2019-04-05,55.21,55.47,54.82,55.31,29904053,Tesla
2019-04-08,34.74,35.08,34.64,34.84,75984203,Apple
2019-04-08,54.38,54.66,54.18,54.51,73459158,Tesla
2019-04-09,34.39,34.63,34.12,34.5,25198054,Apple
2019-04-09,53.28,53.55,53.1,53.42,98715095,Tesla
2019-04-10,34.79,34.94,34.55,34.69,63210443,Apple
2019-04-10,53.45,53.92,53.21,53.35,111043868,Tesla
2019-04-11,35.47,35.5,35.42,35.49,77601271,Apple
2019-04-11,54.8,55.33,54.48,54.86,67943781,Tesla
2019-04-12,35.42,35.56,35.42,35.47,66287149,Apple
2019-04-12,54.7,55.09,54.17,54.75,84581754,Tesla
2019-04-15,36.38,36.39,36.1,36.3,47413661,Apple
2019-04-15,54.73,55.06,54.62,54.8,73946421,Tesla
2019-04-16,34.83,35.18,34.49,34.87,118150468,Apple
2019-04-16,54.11,54.51,54.06,54.15,37884442,Tesla
2019-04-17,35.43,35.52,35.17,35.3,53931656,Apple
2019-04-17,54.14,54.47,54.03,54.1,32510821,Tesla
2019-04-18,35.4,35.6,35.22,35.35,34500948,Apple
2019-04-18,55.04,55.32,54.61,55.1,21516660,Tesla
2019-04-19,35.16,35.21,35.04,35.19,83394058,Apple
2019-04-19,55.23,55.44,55.02,55.21,46215015,Tesla
2019-04-22,35.39,35.63,35.06,35.24,99929954,Apple
2019-04-22,57.14,57.36,56.85,56.98,96198444,Tesla
2019-04-23,34.15,34.3,34,34.19,41230938,Apple
2019-04-23,57.96,58.4,57.76,58.06,49358934,Tesla
2019-04-24,34.13,34.43,33.78,34.08,28623041,Apple
2019-04-24,57.93,58.36,57.56,57.98,91026206,Tesla
2019-04-25,34.28,34.59,34.09,34.26,47192023,Apple
2019-04-25,57.96,58.22,57.57,57.89,112797603,Tesla
2019-04-26,35.11,35.22,34.84,35.02,77090720,Apple
2019-04-26,59.48,60.06,58.86,59.3,51093436,Tesla
2019-04-29,34.86,35.17,34.7,34.75,106543965,Apple
2019-04-29,59.28,59.48,59.08,59.43,30855716,Tesla
2019-04-30,34.33,34.67,33.99,34.33,92881828,Apple
2019-04-30,60.48,60.89,60.2,60.68,51787299,Tesla
2019-05-01,34.02,34.35,33.93,34.07,80602482,Apple
2019-05-01,62.51,62.77,62.44,62.51,116026486,Tesla
2019-05-02,34.57,34.86,34.51,34.54,118212059,Apple
2019-05-02,62.3,62.33,62.26,62.31,67247620,Tesla
2019-05-03,34.66,34.79,34.43,34.71,42421435,Apple
2019-05-03,62.73,62.96,62.35,62.64,78728365,Tesla
2019-05-06,34.57,34.77,34.22,34.43,77286686,Apple
2019-05-06,63.63,63.81,63.37,63.56,24938291,Tesla
2019-05-07,34.7,34.73,34.55,34.69,31296266,Apple
2019-05-07,64.29,64.62,63.9,64.3,108975408,Tesla
2019-05-08,34.72,34.78,34.57,34.75,97575510,Apple
2019-05-08,65.17,65.39,65,65.03,75063557,Tesla
2019-05-09,35.26,35.62,34.97,35.25,53408376,Apple
2019-05-09,63.64,64.19,63.56,63.73,74477178,Tesla
2019-05-10,34.79,34.99,34.72,34.88,80191873,Apple
2019-05-10,62.94,63.27,62.37,62.92,53754505,Tesla
2019-05-13,34.64,34.97,34.36,34.71,79543527,Apple
2019-05-13,62.3,62.53,61.95,62.45,113837173,Tesla
2019-05-14,34.59,34.87,34.28,34.5,38719336,Apple
2019-05-14,63.58,64.07,63.13,63.59,106952159,Tesla
2019-05-15,33.7,34.04,33.56,33.75,81731354,Apple
2019-05-15,62.23,62.47,61.7,62.41,104960278,Tesla
2019-05-16,33.83,34.23,33.67,33.9,98437377,Apple
2019-05-16,63.69,64.37,63.4,63.84,104417168,Tesla
2019-05-17,34.07,34.15,33.94,34.03,61648998,Apple
2019-05-17,64.8,65.41,64.09,64.58,63761773,Tesla
2019-05-20,34.11,34.13,33.78,34.03,44088676,Apple
2019-05-20,65.46,65.91,65.12,65.7,95008723,Tesla
2019-05-21,33.96,34.1,33.74,33.91,63626004,Apple
2019-05-21,64.76,65.38,64.61,64.78,66370603,Tesla
2019-05-22,33.26,33.3,33.09,33.19,77042308,Apple
2019-05-22,64.96,65.48,64.64,64.85,55212459,Tesla
2019-05-23,32.93,32.99,32.74,32.98,87930803,Apple
2019-05-23,65.44,66.04,64.83,65.15,44364013,Tesla
2019-05-24,32.72,32.93,32.39,32.81,66236588,Apple
2019-05-24,65.42,65.85,65.19,65.39,82550713,Tesla
2019-05-27,32.52,32.77,32.28,32.42,114759772,Apple
2019-05-27,65.72,65.87,65.46,65.68,71199539,Tesla
2019-05-28,32.32,32.52,32.02,32.34,44247612,Apple
2019-05-28,65.42,66,65.19,65.41,22135621,Tesla
2019-05-29,32.52,32.64,32.41,32.54,61717797,Apple
2019-05-29,65.68,65.8,65.46,65.55,48800707,Tesla
2019-05-30,33.54,33.76,33.44,33.46,67596179,Apple
2019-05-30,66.62,66.76,66.5,66.56,93008062,Tesla
2019-05-31,33.58,33.66,33.47,33.54,22500120,Apple
2019-05-31,65.32,65.57,65.29,65.4,48566457,Tesla
2019-06-03,33.7,33.71,33.53,33.67,33831553,Apple
2019-06-03,67.06,67.27,66.84,66.91,57475478,Tesla
2019-06-04,33.78,34.04,33.56,33.64,86758264,Apple
2019-06-04,67.84,68.25,67.6,67.9,59820715,Tesla
2019-06-05,32.63,32.87,32.63,32.67,85063839,Apple
2019-06-05,66.7,67.39,66.31,66.92,94246764,Tesla
2019-06-06,32.71,32.96,32.36,32.65,117461273,Apple
2019-06-06,67.09,67.93,66.96,67.3,86784722,Tesla
2019-06-07,32.69,32.7,32.41,32.68,91041477,Apple
2019-06-07,68.18,68.27,67.58,68.21,21530732,Tesla
2019-06-10,33.91,34.19,33.64,33.89,66999208,Apple
2019-06-10,66.96,67.6,66.41,66.95,68416350,Tesla
2019-06-11,33.9,34.11,33.74,33.79,48923202,Apple
2019-06-11,67.12,67.74,66.64,66.99,95966207,Tesla
2019-06-12,33.98,34.17,33.91,33.95,119887840,Apple
2019-06-12,67,67.03,66.43,66.91,103069483,Tesla
2019-06-13,33.97,34.18,33.91,33.93,42658560,Apple
2019-06-13,66.27,66.51,66.02,66.26,21597506,Tesla
2019-06-14,33.41,33.69,33.09,33.33,89305138,Apple
2019-06-14,66.49,67.03,66.33,66.36,74125378,Tesla
2019-06-17,33.88,34.1,33.57,33.91,89538564,Apple
2019-06-17,65.76,66.16,65.16,65.76,22621645,Tesla
2019-06-18,34.23,34.49,34.08,34.29,103177355,Apple
2019-06-18,66.94,67.64,66.85,67.11,115432858,Tesla
2019-06-19,34.62,35.04,34.58,34.69,80251695,Apple
2019-06-19,66.28,66.96,65.65,66.48,40801202,Tesla
2019-06-20,34.09,34.48,33.91,34.22,24096920,Apple
2019-06-20,67.44,67.78,66.89,67.27,109875964,Tesla
2019-06-21,35.09,35.24,34.82,34.94,111444024,Apple
2019-06-21,65.31,65.63,65.11,65.6,109003579,Tesla
2019-06-24,34.13,34.45,34,34.21,97571362,Apple
2019-06-24,65.42,65.82,65.09,65.44,118605053,Tesla
2019-06-25,34.49,34.64,34.28,34.51,98879051,Apple
2019-06-25,65.84,65.88,65.13,65.45,64026953,Tesla
2019-06-26,35.62,35.72,35.37,35.64,73833309,Apple
2019-06-26,65.32,65.72,65.25,65.26,110459184,Tesla
2019-06-27,35.13,35.34,35.07,35.11,64660996,Apple
2019-06-27,64.85,65.4,64.62,64.88,59254798,Tesla
2019-06-28,34.87,35.19,34.8,34.81,116339937,Apple
2019-06-28,64.01,64.6,63.54,64.23,92447442,Tesla
2019-07-01,34.93,35.25,34.52,34.87,27872277,Apple
2019-07-01,65.16,65.81,64.62,64.95,95209288,Tesla
2019-07-02,34.56,34.72,34.48,34.6,89713766,Apple
2019-07-02,66.09,66.39,65.77,65.93,30412739,Tesla
2019-07-03,33.79,33.98,33.77,33.8,33739212,Apple
2019-07-03,65.94,66.43,65.63,65.85,41676210,Tesla
2019-07-04,33.85,33.92,33.77,33.83,20398008,Apple
2019-07-04,64.76,65.19,64.2,64.76,72515887,Tesla
2019-07-05,33.28,33.62,33.26,33.29,116393902,Apple
2019-07-05,66.58,67.24,66.16,66.51,69493063,Tesla
2019-07-08,33.64,33.97,33.4,33.53,42858114,Apple
2019-07-08,65.61,66.1,65.26,65.63,102879220,Tesla
2019-07-09,33.1,33.32,32.8,33.07,63797300,Apple
2019-07-09,64.07,64.3,63.45,64.19,44322944,Tesla
2019-07-10,33.89,34.16,33.72,33.84,28029598,Apple
2019-07-10,62.37,62.97,62.05,62.25,58955828,Tesla
2019-07-11,33.48,33.72,33.29,33.44,101752132,Apple
2019-07-11,62.34,62.76,62.04,62.35,61836702,Tesla
2019-07-12,33.36,33.55,33.05,33.28,94976727,Apple
2019-07-12,62.21,62.24,61.64,62.14,111923217,Tesla
2019-07-15,33.7,33.71,33.51,33.68,89905511,Apple
2019-07-15,63.09,63.52,62.61,63.1,47297547,Tesla
2019-07-16,32.98,33.21,32.69,33.06,34927605,Apple
2019-07-16,63.74,64.3,63.51,63.68,91526191,Tesla
2019-07-17,33.2,33.42,32.89,33.17,117500320,Apple
2019-07-17,63.96,64.33,63.86,63.96,119499037,Tesla
2019-07-18,33.78,34.05,33.78,33.82,52086215,Apple
2019-07-18,63.69,63.92,63.24,63.7,47094112,Tesla
2019-07-19,32.97,33.13,32.72,33.01,109688279,Apple
2019-07-19,64.76,65.3,64.59,64.76,110917114,Tesla
2019-07-22,33.14,33.45,32.95,33.1,87282865,Apple
2019-07-22,66.97,67.49,65.96,66.57,39443694,Tesla
2019-07-23,33.31,33.37,32.9,33.23,75902419,Apple
2019-07-23,67.69,68.06,67.49,67.58,80786182,Tesla
2019-07-24,33.62,33.79,33.46,33.62,84414203,Apple
2019-07-24,67.46,67.56,66.9,67.11,27937115,Tesla
2019-07-25,33.02,33.24,32.67,33,30803215,Apple
2019-07-25,67.9,68.07,67.86,67.9,27123056,Tesla
2019-07-26,32.45,32.68,32.1,32.34,65849459,Apple
2019-07-26,67.45,67.99,66.97,67.49,31602026,Tesla
2019-07-29,32.61,32.82,32.51,32.6,70397515,Apple
2019-07-29,66.23,66.9,65.64,66.37,113266494,Tesla
2019-07-30,32.91,33,32.56,32.74,87197644,Apple
2019-07-30,65.68,65.87,65.06,65.47,107567326,Tesla
2019-07-31,32.9,32.95,32.54,32.86,60951660,Apple
2019-07-31,65,65.36,64.4,65.12,33452645,Tesla
2019-08-01,32.92,33.24,32.64,33.03,22695145,Apple
2019-08-01,65.46,65.51,65.14,65.22,101925902,Tesla
2019-08-02,32.75,32.94,32.67,32.7,73273126,Apple
2019-08-02,67.1,67.72,67.04,67.24,63844806,Tesla
2019-08-05,32.84,32.9,32.58,32.81,43569325,Apple
2019-08-05,66.47,66.47,65.79,66.35,51297169,Tesla
2019-08-06,33.04,33.27,32.84,32.96,68511231,Apple
2019-08-06,67.45,67.7,66.88,67.67,113399957,Tesla
2019-08-07,32.65,32.79,32.6,32.6,82570237,Apple
2019-08-07,67.29,67.35,66.73,67.35,115964279,Tesla
2019-08-08,33.51,33.74,33.37,33.51,74526679,Apple
2019-08-08,65.31,65.73,64.79,65.31,36442940,Tesla
2019-08-09,33.67,34.04,33.59,33.75,91193455,Apple
2019-08-09,64.74,65.08,64.5,64.81,106285620,Tesla
2019-08-12,33.14,33.21,32.86,33.15,62962091,Apple
2019-08-12,65.94,66.15,65.79,65.96,83146458,Tesla
2019-08-13,33.42,33.48,33.31,33.48,36761480,Apple
2019-08-13,66.28,66.9,65.66,66.3,112006951,Tesla
2019-08-14,32.95,33.24,32.68,32.99,54968551,Apple
2019-08-14,66.81,66.94,66.5,66.7,60208727,Tesla
2019-08-15,33.42,33.62,33.38,33.38,25354993,Apple
2019-08-15,67.75,68.3,67.48,68.03,67937500,Tesla
2019-08-16,34.07,34.31,33.85,33.96,88377046,Apple
2019-08-16,66.9,67.6,66.43,66.97,116448298,Tesla
2019-08-19,33.56,33.85,33.46,33.54,51849855,Apple
2019-08-19,66.08,66.36,65.72,65.92,20077332,Tesla
2019-08-20,33.94,34.3,33.86,34.02,116348849,Apple
2019-08-20,63.75,64.1,63.16,63.68,116362370,Tesla
2019-08-21,34.26,34.59,34.21,34.23,72902394,Apple
2019-08-21,64.68,64.73,64.47,64.52,89175326,Tesla
2019-08-22,34.74,34.92,34.59,34.66,52916465,Apple
2019-08-22,65.16,65.67,64.55,65.06,58457590,Tesla
2019-08-23,35.6,35.82,35.4,35.64,59749134,Apple
2019-08-23,65.62,66.04,65.23,65.77,102702746,Tesla
2019-08-26,35.5,35.65,35.4,35.51,84168739,Apple
2019-08-26,64.69,65.2,64.23,64.6,50011464,Tesla
2019-08-27,35.11,35.16,34.96,35.11,32414960,Apple
2019-08-27,63.06,63.22,62.76,63.05,84598688,Tesla
2019-08-28,34.59,34.84,34.46,34.64,80996414,Apple
2019-08-28,62.08,62.34,61.63,61.8,75211353,Tesla
2019-08-29,34.26,34.36,33.92,34.22,92724693,Apple
2019-08-29,61.04,61.52,60.66,60.94,109543979,Tesla
2019-08-30,34.17,34.49,33.86,34.18,52455887,Apple
2019-08-30,62.43,63.04,62.08,62.36,115815540,Tesla
2019-09-02,34.38,34.58,34.18,34.35,76479049,Apple
2019-09-02,63.38,63.42,62.93,63.3,24362451,Tesla
2019-09-03,34.43,34.7,34.32,34.49,110190801,Apple
2019-09-03,62.92,63.43,62.69,62.86,63187275,Tesla
2019-09-04,34.89,35.05,34.85,34.92,27738672,Apple
2019-09-04,63.2,63.39,63.1,63.15,85557134,Tesla
2019-09-05,34.98,35,34.6,34.93,63405457,Apple
2019-09-05,62.47,62.85,62.38,62.5,112253217,Tesla
2019-09-06,35.66,35.7,35.64,35.69,118121478,Apple
2019-09-06,62.91,63.09,62.4,62.84,96268017,Tesla
2019-09-09,35.67,35.82,35.44,35.55,69967619,Apple
2019-09-09,61.89,62.27,61.76,61.77,83757135,Tesla
2019-09-10,36.97,37.03,36.86,37,76947140,Apple
2019-09-10,62.6,62.82,61.93,62.47,42089219,Tesla
2019-09-11,37.36,37.59,37.23,37.35,29064507,Apple
2019-09-11,61.79,61.99,61.24,61.67,26780231,Tesla
2019-09-12,36.94,37.26,36.81,36.87,53873206,Apple
2019-09-12,62.6,62.63,61.94,62.42,116645217,Tesla
2019-09-13,36.17,36.59,35.89,36.27,111447823,Apple
2019-09-13,62.15,62.25,61.5,62.02,118175341,Tesla
2019-09-16,36.41,36.78,36.36,36.54,79206882,Apple
2019-09-16,61.36,61.92,61.21,61.28,113310680,Tesla
2019-09-17,36.3,36.49,36.07,36.41,39801087,Apple
2019-09-17,62.62,63.39,62.1,62.76,77893326,Tesla
2019-09-18,36.9,37.22,36.76,36.8,119785177,Apple
2019-09-18,62.79,63.42,62.47,62.93,105088283,Tesla
2019-09-19,37.03,37.39,37,37.07,75181265,Apple
2019-09-19,62.59,62.81,62.04,62.63,106707585,Tesla
2019-09-20,37.21,37.29,36.69,37.03,87720732,Apple
2019-09-20,63.34,63.6,62.78,63.34,60313104,Tesla
2019-09-23,36.51,36.82,36.44,36.56,58088342,Apple
2019-09-23,62.24,62.7,62.05,62.07,112134201,Tesla
2019-09-24,35.74,35.84,35.43,35.72,60483572,Apple
2019-09-24,62.74,63.71,62.5,63.1,98709886,Tesla
2019-09-25,35.59,35.88,35.29,35.49,71739405,Apple
2019-09-25,62.83,63.25,62.5,62.96,96054024,Tesla
2019-09-26,36.09,36.45,35.91,35.94,100835662,Apple
2019-09-26,63.51,64.06,63.08,63.53,24635073,Tesla
2019-09-27,36.21,36.22,35.71,36.06,46370480,Apple
2019-09-27,61.93,62.66,61.75,62.06,89391447,Tesla
2019-09-30,35.47,35.79,35.3,35.38,90565664,Apple
2019-09-30,61.6,62.24,61.45,61.7,88005181,Tesla
2019-10-01,35.55,35.77,35.17,35.47,29127064,Apple
2019-10-01,61.64,61.84,61.41,61.7,30190866,Tesla
2019-10-02,35.72,36.07,35.62,35.68,37915668,Apple
2019-10-02,62.54,62.66,62.23,62.66,46355280,Tesla
2019-10-03,35.26,35.43,34.91,35.21,44886550,Apple
2019-10-03,63.2,63.61,62.6,63.3,35780970,Tesla
2019-10-04,35.25,35.59,35.24,35.29,78058808,Apple
2019-10-04,63.1,63.43,62.45,62.92,95797961,Tesla
2019-10-07,35.26,35.34,35.08,35.32,96180458,Apple
2019-10-07,63.3,63.43,62.95,63.22,42482929,Tesla
2019-10-08,34.71,34.83,34.45,34.71,74886352,Apple
2019-10-08,64.51,64.7,64.38,64.42,67749430,Tesla
2019-10-09,34.89,34.92,34.56,34.9,84325817,Apple
2019-10-09,64.22,64.71,64.11,64.22,61689829,Tesla
2019-10-10,35.16,35.54,34.84,35.19,39065229,Apple
2019-10-10,64.05,64.36,63.63,63.93,98449263,Tesla
2019-10-11,35.81,36.11,35.47,35.76,102422547,Apple
2019-10-11,62.22,62.42,61.61,62.11,20174811,Tesla
2019-10-14,36.4,36.71,36.01,36.33,114042269,Apple
2019-10-14,61.93,62.31,61.62,61.85,101967738,Tesla
2019-10-15,35.59,35.92,35.51,35.58,39126034,Apple
2019-10-15,60.16,60.63,59.84,60.24,76588785,Tesla
2019-10-16,35.18,35.21,34.98,35.08,87051188,Apple
2019-10-16,60.08,60.6,59.55,60.14,102680051,Tesla
2019-10-17,35.27,35.49,35.17,35.35,33539916,Apple
2019-10-17,61.16,61.25,60.47,61.03,106868482,Tesla
2019-10-18,35.61,35.65,35.47,35.62,112610198,Apple
2019-10-18,59.03,59.53,58.9,59.09,72789454,Tesla
2019-10-21,35.85,35.97,35.71,35.9,33035245,Apple
2019-10-21,60.03,60.54,60,60.18,109752499,Tesla
2019-10-22,37.83,38.06,37.62,37.97,103500774,Apple
2019-10-22,59.82,59.92,59.64,59.88,67098249,Tesla
2019-10-23,38.29,38.48,38.23,38.3,118516455,Apple
2019-10-23,60.05,60.51,59.44,59.86,68514852,Tesla
2019-10-24,38.94,39.05,38.67,38.95,109334688,Apple
2019-10-24,59.34,59.64,58.78,59.41,59087630,Tesla
2019-10-25,39.63,39.67,39.44,39.51,119548860,Apple
2019-10-25,57.92,58.11,57.84,57.88,112274006,Tesla
2019-10-28,39.94,40.01,39.77,39.89,51401909,Apple
2019-10-28,57.13,57.46,57.11,57.2,92751821,Tesla
2019-10-29,39.62,39.76,39.42,39.7,64120080,Apple
2019-10-29,59.09,59.3,58.48,59,53167310,Tesla
2019-10-30,40.31,40.7,39.84,40.16,69489426,Apple
2019-10-30,58.09,58.29,57.6,58.03,112903625,Tesla
2019-10-31,39.79,40.09,39.4,39.69,104126426,Apple
2019-10-31,56.48,57.11,55.92,56.65,37352823,Tesla
2019-11-01,39.6,39.98,39.29,39.55,29007429,Apple
2019-11-01,56.8,56.87,56.54,56.77,30139272,Tesla
2019-11-04,39.24,39.43,39.18,39.26,74567906,Apple
2019-11-04,56.5,57.25,56.27,56.69,106400811,Tesla
2019-11-05,39.23,39.42,39.02,39.31,66489207,Apple
2019-11-05,56.36,56.73,56.26,56.42,29525030,Tesla
2019-11-06,40.64,41,40.61,40.67,96161636,Apple
2019-11-06,56.43,56.54,56.37,56.43,30656132,Tesla
2019-11-07,39.62,39.75,39.39,39.54,112537427,Apple
2019-11-07,57.19,57.26,56.65,56.98,71255095,Tesla
2019-11-08,40.09,40.21,39.78,39.94,76139459,Apple
2019-11-08,56.51,56.85,56.27,56.48,61105641,Tesla
2019-11-11,39.1,39.19,38.96,38.98,61149257,Apple
2019-11-11,56.55,57,56.51,56.64,22664056,Tesla
2019-11-12,38.66,38.75,38.56,38.7,106308041,Apple
2019-11-12,57.47,57.54,56.96,57.51,103698265,Tesla
2019-11-13,39.24,39.43,38.87,39.33,119504471,Apple
2019-11-13,56.76,56.89,56.54,56.65,41730623,Tesla
2019-11-14,39.38,39.52,39,39.37,70599764,Apple
2019-11-14,54.6,55.11,54.19,54.68,76779463,Tesla
2019-11-15,38.6,39,38.46,38.73,73755402,Apple
2019-11-15,55.35,55.38,55.07,55.23,84877525,Tesla
2019-11-18,38.34,38.37,38.3,38.32,74156505,Apple
2019-11-18,57.24,57.79,56.78,57.3,77312435,Tesla
2019-11-19,38.7,38.79,38.63,38.71,81366716,Apple
2019-11-19,57.19,57.67,57.12,57.3,112330840,Tesla
2019-11-20,38.25,38.59,38.1,38.28,119526396,Apple
2019-11-20,57.41,57.72,56.98,57.47,70373999,Tesla
2019-11-21,38.29,38.47,37.92,38.41,62307805,Apple
2019-11-21,57.03,57.41,56.97,57.21,67901320,Tesla
2019-11-22,38.48,38.61,38.38,38.44,118611056,Apple
2019-11-22,58.32,58.59,58.06,58.58,117902089,Tesla
2019-11-25,38.02,38.39,37.73,38.06,36790095,Apple
2019-11-25,58.5,58.99,58.07,58.51,82975176,Tesla
2019-11-26,39.19,39.34,39.15,39.28,28946694,Apple
2019-11-26,58.34,58.43,58.24,58.35,44884029,Tesla
2019-11-27,39.43,39.69,39.04,39.66,65720847,Apple
2019-11-27,59.17,59.36,58.97,59.14,73972027,Tesla
2019-11-28,38.45,38.64,38.3,38.45,29920226,Apple
2019-11-28,58.7,59.05,58.19,58.71,23791838,Tesla
2019-11-29,38.7,38.81,38.26,38.56,75227385,Apple
2019-11-29,57.85,57.99,57.07,57.58,102988690,Tesla
2019-12-02,38.3,38.52,38.05,38.18,59135247,Apple
2019-12-02,58.36,58.65,58.32,58.34,23951210,Tesla
2019-12-03,38.63,38.98,38.39,38.67,107885223,Apple
2019-12-03,57.67,58.29,57.57,57.83,39157637,Tesla
2019-12-04,38.16,38.26,38.09,38.21,103798013,Apple
2019-12-04,56.85,57.25,56.79,56.98,47750286,Tesla
2019-12-05,38.18,38.4,38.08,38.14,75013899,Apple
2019-12-05,58.77,59.33,58.67,58.77,108493996,Tesla
2019-12-06,38.35,38.62,37.99,38.43,94058530,Apple
2019-12-06,58.57,59.11,58,58.62,106500173,Tesla
2019-12-09,38.95,39.01,38.57,38.93,62102512,Apple
2019-12-09,58.91,59.25,58.58,59.05,70944052,Tesla
2019-12-10,38.29,38.52,37.89,38.23,89199892,Apple
2019-12-10,59.07,59.31,58.79,59.08,28507841,Tesla
2019-12-11,38.13,38.23,37.8,38.04,89836714,Apple
2019-12-11,58.29,58.54,57.71,58.29,115837206,Tesla
2019-12-12,37.76,37.95,37.45,37.76,30086627,Apple
2019-12-12,59.08,59.45,58.57,58.89,103714091,Tesla
2019-12-13,37.38,37.43,37.35,37.39,55333904,Apple
2019-12-13,59.06,59.34,58.67,59.17,82782259,Tesla
2019-12-16,38.32,38.56,38.19,38.38,107035863,Apple
2019-12-16,58.54,59.16,58.34,58.59,33042322,Tesla
2019-12-17,38.55,38.74,38.43,38.62,60888723,Apple
2019-12-17,59.16,59.52,58.74,58.97,70918103,Tesla
2019-12-18,37.87,38.2,37.63,37.89,72657816,Apple
2019-12-18,58.55,58.79,58.17,58.51,103549011,Tesla
2019-12-19,38.44,38.46,38.27,38.41,99406145,Apple
2019-12-19,57.44,57.92,57.4,57.54,21292334,Tesla
2019-12-20,39.7,39.87,39.57,39.63,80655240,Apple
2019-12-20,56.42,56.73,56.28,56.5,50027610,Tesla
2019-12-23,40.18,40.43,39.94,40.25,113613659,Apple
2019-12-23,56.59,57.2,56.48,56.73,73652275,Tesla
2019-12-24,39.45,39.73,39.01,39.33,53427892,Apple
2019-12-24,56.42,56.74,56.4,56.41,103506199,Tesla
2019-12-25,39.02,39.27,38.87,39.04,110837820,Apple
2019-12-25,57.8,57.82,57.37,57.68,30737296,Tesla
2019-12-26,39.78,40.05,39.73,39.78,100788389,Apple
2019-12-26,57.83,57.93,57.32,57.64,82715992,Tesla
2019-12-27,39.3,39.67,39.23,39.36,74472962,Apple
2019-12-27,56.79,57.45,56.57,56.96,47808941,Tesla
2019-12-30,39.43,39.97,39.34,39.62,108172499,Apple
2019-12-30,57.2,57.52,56.94,57.1,41392959,Tesla
2019-12-31,40.16,40.28,39.96,40.08,40787302,Apple
2019-12-31,56.01,56.54,55.62,55.99,62366070,Tesla
2020-01-01,39.59,39.8,39.27,39.53,37260086,Apple
2020-01-01,55.89,55.96,55.81,55.92,30611422,Tesla
2020-01-02,39.47,39.82,39.23,39.49,25313280,Apple
2020-01-02,56.14,56.35,55.85,56.18,114848667,Tesla
2020-01-03,37.58,37.95,37.31,37.57,53530980,Apple
2020-01-03,56.13,56.46,55.7,56.35,68835578,Tesla
2020-01-06,37.03,37.36,36.86,36.99,95072709,Apple
2020-01-06,57.52,57.84,57.36,57.45,27305023,Tesla
2020-01-07,36.74,36.99,36.44,36.85,66500652,Apple
2020-01-07,59.53,59.92,59.08,59.69,39998619,Tesla
2020-01-08,36.13,36.24,36.05,36.16,119838177,Apple
2020-01-08,60.2,60.38,59.74,60.29,118606647,Tesla
2020-01-09,37.11,37.29,36.88,37.05,109877422,Apple
2020-01-09,61.41,61.8,61.32,61.36,30409387,Tesla
2020-01-10,36.16,36.52,35.87,36.26,110319310,Apple
2020-01-10,63.47,64.04,63.45,63.7,78552745,Tesla
2020-01-13,36.04,36.21,35.95,36.02,57764121,Apple
2020-01-13,62.57,62.91,61.96,62.74,37384828,Tesla
2020-01-14,35.99,36.26,35.95,36.09,44913016,Apple
2020-01-14,63.01,63.31,62.74,62.86,25908187,Tesla
2020-01-15,36.9,37.21,36.54,36.87,65940621,Apple
2020-01-15,62.42,62.89,61.89,62.41,97020344,Tesla
2020-01-16,36.07,36.2,35.95,36.07,57706541,Apple
2020-01-16,63.11,63.33,62.76,63.2,93748014,Tesla
2020-01-17,36.58,37.02,36.33,36.7,56160254,Apple
2020-01-17,63.47,63.66,63.29,63.45,87975627,Tesla
2020-01-20,36.79,36.94,36.7,36.71,36894585,Apple
2020-01-20,62.76,62.98,62.59,62.68,98806904,Tesla
2020-01-21,36.11,36.29,35.87,36.17,117213982,Apple
2020-01-21,62.83,63.3,62.37,62.69,44403045,Tesla
2020-01-22,36.36,36.58,36.24,36.42,48884951,Apple
2020-01-22,63.53,64.21,63.27,63.67,101987115,Tesla
2020-01-23,36.54,36.82,36.51,36.53,26380858,Apple
2020-01-23,62.3,62.66,61.86,62.42,85895438,Tesla
2020-01-24,36.28,36.33,35.98,36.2,22350876,Apple
2020-01-24,61.75,61.94,61.12,61.68,91871211,Tesla
2020-01-27,36.16,36.31,36.08,36.24,27031401,Apple
2020-01-27,60.88,61.42,60.31,60.8,92974386,Tesla
2020-01-28,36.03,36.37,35.89,36.03,95278047,Apple
2020-01-28,60.94,61.71,60.77,61.1,54378785,Tesla
2020-01-29,36.12,36.18,36.06,36.09,115648016,Apple
2020-01-29,62.11,62.65,61.57,62.24,73951468,Tesla
2020-01-30,36.5,36.7,36.39,36.45,102493325,Apple
2020-01-30,60.34,60.96,59.83,60.36,60678988,Tesla
2020-01-31,37.33,37.54,37.2,37.31,87087779,Apple
2020-01-31,60.45,60.85,59.88,60.45,27657351,Tesla
2020-02-03,36.59,36.8,36.56,36.62,103487487,Apple
2020-02-03,59.61,60.05,59.33,59.61,118220666,Tesla
2020-02-04,37.73,38.04,37.39,37.79,56422127,Apple
2020-02-04,60.34,60.74,59.88,60.51,61210060,Tesla
2020-02-05,36.69,36.78,36.68,36.69,46913900,Apple
2020-02-05,60.3,60.56,59.93,60.29,49559523,Tesla
2020-02-06,36.52,36.8,36.35,36.6,109233086,Apple
2020-02-06,60.32,60.5,60.14,60.41,20308293,Tesla
2020-02-07,36.71,37.06,36.66,36.93,53241589,Apple
2020-02-07,60.27,60.91,59.67,60.41,44362213,Tesla
2020-02-10,37.11,37.36,36.97,37.08,88759386,Apple
2020-02-10,61.43,62,61.4,61.43,114892564,Tesla
2020-02-11,36.8,36.85,36.39,36.73,25408792,Apple
2020-02-11,63.3,63.71,63.2,63.31,67586155,Tesla
2020-02-12,36.45,36.83,36.39,36.62,58796474,Apple
2020-02-12,62.34,62.55,61.68,62.24,46793200,Tesla
2020-02-13,36.28,36.42,35.93,36.35,93169183,Apple
2020-02-13,61.24,61.44,61.21,61.35,82320890,Tesla
2020-02-14,36.07,36.17,35.95,36.03,34605939,Apple
2020-02-14,61.67,61.84,61.1,61.64,102439257,Tesla
2020-02-17,36.64,36.72,36.22,36.49,78302801,Apple
2020-02-17,60.7,61.04,60.26,60.89,39373495,Tesla
2020-02-18,36.68,36.75,36.48,36.68,29555821,Apple
2020-02-18,61.71,62.12,61.68,61.74,50681776,Tesla
2020-02-19,36.25,36.6,35.93,36.3,104793233,Apple
2020-02-19,62.81,63.41,62.49,62.75,97905193,Tesla
2020-02-20,36.78,36.9,36.57,36.79,56269092,Apple
2020-02-20,62.31,62.34,61.77,62.24,51007126,Tesla
2020-02-21,37.06,37.41,36.76,36.96,83989529,Apple
2020-02-21,61.6,61.6,61.17,61.53,30702949,Tesla
2020-02-24,37.36,37.77,37.29,37.41,31389435,Apple
2020-02-24,61.37,61.74,60.7,61.27,84143182,Tesla
2020-02-25,37.7,37.98,37.64,37.76,89032162,Apple
2020-02-25,61.31,61.54,60.78,61.37,35052399,Tesla
2020-02-26,37.26,37.35,36.92,37.29,107511359,Apple
2020-02-26,61.72,62.26,61.45,61.66,53471156,Tesla
2020-02-27,36.91,37.12,36.79,36.98,49202247,Apple
2020-02-27,59.8,59.99,59.53,59.58,99672847,Tesla
2020-02-28,37.41,37.7,37.26,37.4,84627603,Apple
2020-02-28,58.66,58.88,58.1,58.71,68707167,Tesla
2020-03-02,37.86,38,37.45,37.74,62464437,Apple
2020-03-02,58.52,58.67,58.05,58.36,71379345,Tesla
2020-03-03,37.75,37.78,37.6,37.73,87901289,Apple
2020-03-03,57.76,57.84,57.61,57.66,116670099,Tesla
2020-03-04,37.77,38,37.41,37.79,109222610,Apple
2020-03-04,55.15,55.5,54.7,55.18,68815105,Tesla
2020-03-05,38.49,38.84,38.21,38.52,82624669,Apple
2020-03-05,53.6,53.71,53.13,53.62,99019126,Tesla
2020-03-06,38.06,38.48,37.83,38.18,105452852,Apple
2020-03-06,52.58,52.8,52.23,52.57,105255773,Tesla
2020-03-09,38.56,38.62,38.15,38.49,90110043,Apple
2020-03-09,52.56,52.8,52.24,52.48,42596798,Tesla
2020-03-10,38.37,38.63,38.35,38.37,36829282,Apple
2020-03-10,52.17,52.19,51.79,52.13,70750466,Tesla
2020-03-11,38.23,38.33,38.13,38.25,56025578,Apple
2020-03-11,51.59,51.65,51.23,51.64,29685933,Tesla
2020-03-12,39.13,39.21,38.7,38.88,110296094,Apple
2020-03-12,52.04,52.53,51.57,52.26,56019686,Tesla
2020-03-13,39.38,39.73,39.27,39.36,112533168,Apple
2020-03-13,52.95,53.32,52.37,52.88,101051246,Tesla
2020-03-16,39.78,39.94,39.48,39.84,43506415,Apple
2020-03-16,52.79,53.5,52.52,53,54588848,Tesla
2020-03-17,40.58,40.73,40.21,40.62,59068646,Apple
2020-03-17,52.95,53.19,52.53,53.09,34046464,Tesla
2020-03-18,40.72,40.73,40.46,40.63,61773155,Apple
2020-03-18,52.37,52.47,51.86,52.41,105265256,Tesla
2020-03-19,41.06,41.41,40.91,41.05,57737437,Apple
2020-03-19,51.71,51.86,51.63,51.83,105745173,Tesla
2020-03-20,40.74,41.18,40.35,40.86,100818774,Apple
2020-03-20,50.54,50.76,50.5,50.51,30770829,Tesla
2020-03-23,41.13,41.39,40.87,41.05,111937170,Apple
2020-03-23,50.29,50.63,49.85,50.32,37569263,Tesla
2020-03-24,40.92,41.28,40.72,40.97,34709150,Apple
2020-03-24,50.99,51.42,50.81,50.91,65912283,Tesla
2020-03-25,41.19,41.25,40.89,41.03,66023594,Apple
2020-03-25,51.78,52.3,51.75,51.94,54068436,Tesla
2020-03-26,41.49,41.68,41.02,41.4,24171364,Apple
2020-03-26,51.68,51.86,51.6,51.75,78044588,Tesla
2020-03-27,40.86,41.04,40.62,40.89,76748708,Apple
2020-03-27,52.13,52.37,51.93,52.13,25704415,Tesla
2020-03-30,42.28,42.32,41.85,42.18,47101646,Apple
2020-03-30,49.9,50.36,49.79,49.9,110711429,Tesla
2020-03-31,41.55,41.75,41.2,41.54,42139420,Apple
2020-03-31,49.64,49.81,49.42,49.58,39771893,Tesla
2020-04-01,40.85,41.23,40.64,40.78,56128369,Apple
2020-04-01,49.15,49.48,48.67,49.24,52896788,Tesla
2020-04-02,41.53,41.55,41.31,41.49,52198250,Apple
2020-04-02,50.29,50.82,49.94,50.34,36796408,Tesla
2020-04-03,41.91,42.11,41.56,41.98,84354201,Apple
2020-04-03,50.69,51.06,50.27,50.63,111098371,Tesla
2020-04-06,42.32,42.47,42.17,42.38,24197739,Apple
2020-04-06,50.79,51.39,50.74,51.01,72217986,Tesla
2020-04-07,42.86,42.97,42.44,42.78,97433985,Apple
2020-04-07,51.39,51.52,50.97,51.35,71608688,Tesla
2020-04-08,42.74,43.16,42.34,42.77,56860174,Apple
2020-04-08,51.46,51.68,51,51.38,59109405,Tesla
2020-04-09,42.16,42.39,41.9,42.19,77338099,Apple
2020-04-09,52.42,52.61,52.08,52.56,84031518,Tesla
2020-04-10,42.16,42.44,41.85,42.24,38248067,Apple
2020-04-10,50.71,51.05,50.6,50.75,86491090,Tesla
2020-04-13,41.85,42.17,41.48,41.81,71044565,Apple
2020-04-13,51.01,51.06,50.64,50.86,69335315,Tesla
2020-04-14,42.6,42.66,42.07,42.42,98433445,Apple
2020-04-14,51.79,52.22,51.28,51.72,31897046,Tesla
2020-04-15,42.24,42.54,42.07,42.33,73268246,Apple
2020-04-15,50.3,50.71,49.92,50.25,46535162,Tesla
2020-04-16,41.81,41.99,41.78,41.81,44543290,Apple
2020-04-16,50.99,51.26,50.51,50.88,82861799,Tesla
2020-04-17,41.72,41.97,41.44,41.6,108372825,Apple
2020-04-17,50.48,50.56,50.01,50.3,49498749,Tesla
2020-04-20,41.86,42.28,41.57,41.86,26859634,Apple
2020-04-20,50.39,50.4,50.16,50.39,20904600,Tesla
2020-04-21,41.55,41.87,41.32,41.51,31045787,Apple
2020-04-21,49.76,50.19,49.38,49.8,80869902,Tesla
2020-04-22,40.91,41.16,40.6,41,96948983,Apple
2020-04-22,50.61,50.92,50.48,50.51,28083365,Tesla
2020-04-23,41.18,41.52,41,41.15,73032641,Apple
2020-04-23,50.28,50.65,49.94,50.29,70617750,Tesla
2020-04-24,41.28,41.37,41.02,41.3,82922874,Apple
2020-04-24,50.84,51.09,50.33,50.93,51678131,Tesla
2020-04-27,41.06,41.08,40.91,40.98,112892807,Apple
2020-04-27,51.21,51.53,50.81,51.26,46322360,Tesla
2020-04-28,40.79,40.87,40.39,40.69,24007324,Apple
2020-04-28,50.69,51.06,50.51,50.65,30491593,Tesla
2020-04-29,41.05,41.19,40.61,40.84,28203492,Apple
2020-04-29,50.99,51.27,50.85,51.04,71372045,Tesla
2020-04-30,39.99,40.2,39.87,39.95,48085521,Apple
2020-04-30,50.49,50.83,50.15,50.53,99059802,Tesla
2020-05-01,39.13,39.37,38.99,39.1,70973110,Apple
2020-05-01,50.47,50.98,50.02,50.58,105182709,Tesla
2020-05-04,38.7,39.05,38.39,38.68,26437885,Apple
2020-05-04,50.49,50.6,50.05,50.34,73446653,Tesla
2020-05-05,38.53,38.76,38.35,38.56,72658737,Apple
2020-05-05,50.99,51.06,50.72,51.02,96645389,Tesla
2020-05-06,38.77,38.96,38.66,38.74,99992949,Apple
2020-05-06,51.36,51.71,51.28,51.44,90981730,Tesla
2020-05-07,39.57,39.62,39.19,39.6,20393186,Apple
2020-05-07,51.35,51.45,50.98,51.41,81435936,Tesla
2020-05-08,40.12,40.13,39.82,40.11,57309922,Apple
2020-05-08,50.97,51.36,50.53,50.88,56545971,Tesla
2020-05-11,40.12,40.34,39.63,40.01,100032138,Apple
2020-05-11,49.97,50.33,49.43,49.92,31743265,Tesla
2020-05-12,39.92,40.17,39.75,40,94180286,Apple
2020-05-12,49.97,50.46,49.82,50.02,43232151,Tesla
2020-05-13,39.49,39.82,39.21,39.4,90413163,Apple
2020-05-13,49.55,49.86,49.17,49.54,31276265,Tesla
2020-05-14,39.49,39.55,39.03,39.39,58514123,Apple
2020-05-14,48.17,48.21,47.94,48.15,110586787,Tesla
2020-05-15,39.21,39.23,39,39.22,93641794,Apple
2020-05-15,47.12,47.31,46.86,47.19,117524300,Tesla
2020-05-18,39.24,39.58,38.96,39.41,101917620,Apple
2020-05-18,48.19,48.73,47.8,48.34,77988921,Tesla
2020-05-19,38.87,39.01,38.77,38.92,45928614,Apple
2020-05-19,47.91,47.99,47.75,47.86,71383711,Tesla
2020-05-20,39.32,39.34,39.04,39.22,21750093,Apple
2020-05-20,48.57,48.98,48.41,48.64,61126024,Tesla
2020-05-21,40.12,40.41,40.07,40.12,42993847,Apple
2020-05-21,48.42,48.8,48,48.38,43912806,Tesla
2020-05-22,39.98,40.1,39.89,40.06,25243174,Apple
2020-05-22,49.31,49.47,48.99,49.28,115153871,Tesla
2020-05-25,40.26,40.54,40.26,40.3,86027288,Apple
2020-05-25,50.14,50.31,50.09,50.14,93757425,Tesla
2020-05-26,40.78,40.9,40.7,40.71,39672234,Apple
2020-05-26,49.47,49.79,49.26,49.52,56156994,Tesla
2020-05-27,40.51,40.58,40.07,40.47,67486162,Apple
2020-05-27,47.98,48.45,47.7,48.04,63601011,Tesla
2020-05-28,40.59,40.76,40.49,40.61,60374831,Apple
2020-05-28,46.56,46.77,46.14,46.67,47596151,Tesla
2020-05-29,40.58,40.94,40.31,40.61,92687987,Apple
2020-05-29,46.05,46.54,45.96,46.1,63337977,Tesla
2020-06-01,40.64,40.83,40.3,40.67,105579755,Apple
2020-06-01,47.46,47.75,47.03,47.41,96822973,Tesla
2020-06-02,40.13,40.5,39.91,40.2,88083167,Apple
2020-06-02,47.25,47.72,47.06,47.12,27117753,Tesla
2020-06-03,40.35,40.4,40.15,40.22,67989910,Apple
2020-06-03,47.34,47.38,47.11,47.22,27872789,Tesla
2020-06-04,40.49,40.83,40.2,40.52,79040836,Apple
2020-06-04,48.16,48.22,48.03,48.14,70638959,Tesla
2020-06-05,41.5,41.6,41.15,41.4,40030723,Apple
2020-06-05,48.36,48.76,47.8,48.22,50140354,Tesla
2020-06-08,42.12,42.41,41.69,41.99,106762317,Apple
2020-06-08,48.25,48.7,48.15,48.28,40130537,Tesla
2020-06-09,43.44,43.68,43.02,43.35,73962695,Apple
2020-06-09,48.6,48.95,48.22,48.73,90583240,Tesla
2020-06-10,42.81,43.25,42.4,42.85,24973064,Apple
2020-06-10,49.13,49.48,48.71,48.94,33052046,Tesla
2020-06-11,43.45,43.62,43.16,43.41,93956984,Apple
2020-06-11,48.92,49.34,48.38,48.87,72848820,Tesla
2020-06-12,43.53,43.56,43.38,43.53,96534130,Apple
2020-06-12,48.19,48.36,47.79,48.34,32429890,Tesla
2020-06-15,44.88,44.97,44.59,44.96,37257890,Apple
2020-06-15,48.55,48.82,48.04,48.4,108768003,Tesla
2020-06-16,44.44,44.81,44.39,44.42,93793465,Apple
2020-06-16,49.12,49.61,48.69,49.19,56432669,Tesla
2020-06-17,43.75,44.09,43.36,43.86,111797137,Apple
2020-06-17,50.45,50.71,50.13,50.5,41056747,Tesla
2020-06-18,43.57,43.9,43.41,43.46,112667744,Apple
2020-06-18,50.83,50.98,50.3,50.73,112372244,Tesla
2020-06-19,42.04,42.18,41.9,42.08,116558023,Apple
2020-06-19,51.44,51.85,51.17,51.3,58316584,Tesla
2020-06-22,41.76,41.91,41.41,41.75,23612914,Apple
2020-06-22,51.4,51.68,51.35,51.51,79009656,Tesla
2020-06-23,41.29,41.31,41.02,41.27,119897855,Apple
2020-06-23,51.59,51.59,51.12,51.44,78202093,Tesla
2020-06-24,41.34,41.76,41.18,41.36,34130270,Apple
2020-06-24,51.93,52.43,51.61,51.84,34160146,Tesla
2020-06-25,41.62,41.9,41.38,41.58,71276001,Apple
2020-06-25,52.68,53.07,52.45,52.76,117522406,Tesla
2020-06-26,42.7,43.14,42.34,42.75,65352453,Apple
2020-06-26,52.04,52.49,51.76,52.06,57863215,Tesla
2020-06-29,43.43,43.55,43.21,43.35,62994381,Apple
2020-06-29,51.08,51.5,50.74,50.93,54475070,Tesla
2020-06-30,42.86,43.24,42.49,42.98,51822219,Apple
2020-06-30,50.36,50.55,50.05,50.52,56219071,Tesla
2020-07-01,42.41,42.7,42.36,42.4,82550627,Apple
2020-07-01,50.82,50.91,50.67,50.68,24795684,Tesla
2020-07-02,42.88,43.02,42.38,42.71,59422987,Apple
2020-07-02,51.43,51.59,50.84,51.34,104273149,Tesla
2020-07-03,41.78,42.22,41.43,41.87,63767020,Apple
2020-07-03,50.63,50.79,50.11,50.58,119315017,Tesla
2020-07-06,42.96,43.43,42.88,43.02,102282305,Apple
2020-07-06,48.7,49.03,48.24,48.69,87827818,Tesla
2020-07-07,43.82,44.21,43.59,43.78,47132673,Apple
2020-07-07,48.51,48.81,48.14,48.32,102053741,Tesla
2020-07-08,43.49,43.81,43.4,43.47,38498958,Apple
2020-07-08,48.38,48.62,47.92,48.18,47443475,Tesla
2020-07-09,42.38,42.5,42.05,42.35,53295260,Apple
2020-07-09,47.28,47.44,46.83,47.34,95972305,Tesla
2020-07-10,43.26,43.38,42.98,43.21,117142608,Apple
2020-07-10,46.86,47.04,46.38,46.8,35078997,Tesla
2020-07-13,43.19,43.61,42.87,43.14,116987782,Apple
2020-07-13,47.59,47.85,47.04,47.41,57665323,Tesla
2020-07-14,44.04,44.04,43.85,43.94,90404317,Apple
2020-07-14,47.39,47.69,47.2,47.47,43045201,Tesla
2020-07-15,42.92,43.23,42.8,42.89,25870747,Apple
2020-07-15,47.74,47.8,47.44,47.71,77343039,Tesla
2020-07-16,42.48,42.8,42.47,42.5,82345869,Apple
2020-07-16,47.55,47.86,47.08,47.46,60449913,Tesla
2020-07-17,42.56,42.83,42.37,42.51,114411179,Apple
2020-07-17,46.73,46.96,46.6,46.92,100764758,Tesla
2020-07-20,42.7,43.12,42.3,42.54,115839389,Apple
2020-07-20,46.74,46.92,46.37,46.67,40438848,Tesla
2020-07-21,42.24,42.38,41.88,42.25,112115920,Apple
2020-07-21,46.91,47.35,46.52,47.02,64166004,Tesla
2020-07-22,42.56,42.79,42.28,42.64,87413407,Apple
2020-07-22,45.98,45.99,45.64,45.96,90074496,Tesla
2020-07-23,42.05,42.09,41.78,41.96,49141997,Apple
2020-07-23,47.21,47.48,46.88,47.1,49323519,Tesla
2020-07-24,41.86,42.06,41.46,41.87,90221125,Apple
2020-07-24,47.28,47.67,47,47.51,81365157,Tesla
2020-07-27,41.77,42.06,41.47,41.95,88565362,Apple
2020-07-27,47.2,47.2,46.66,47.13,98008550,Tesla
2020-07-28,42.34,42.49,41.88,42.27,65640965,Apple
2020-07-28,47.89,47.99,47.41,47.7,41974512,Tesla
2020-07-29,42.68,43.08,42.45,42.72,49334810,Apple
2020-07-29,48.52,49.03,48.14,48.57,66150792,Tesla
2020-07-30,41.99,42.39,41.89,42,108599377,Apple
2020-07-30,48.39,48.64,47.98,48.33,67725406,Tesla
2020-07-31,41.06,41.14,41.01,41.04,62655972,Apple
2020-07-31,48.31,48.79,47.84,48.18,64637638,Tesla
2020-08-03,41.84,41.99,41.52,41.82,50887799,Apple
2020-08-03,49.1,49.52,48.75,49.26,95997072,Tesla
2020-08-04,42.09,42.48,41.98,42.03,96478743,Apple
2020-08-04,50.9,51.18,50.59,50.82,31995490,Tesla
2020-08-05,41.52,41.58,41.4,41.56,69440613,Apple
2020-08-05,50.95,51.15,50.6,50.84,46134127,Tesla
2020-08-06,42.57,42.61,42.3,42.53,26423841,Apple
2020-08-06,50.03,50.18,49.73,49.96,114342628,Tesla
2020-08-07,42.58,42.67,42.34,42.6,29380814,Apple
2020-08-07,49.62,49.74,49.59,49.61,48536627,Tesla
2020-08-10,43.42,43.68,43.09,43.35,39015370,Apple
2020-08-10,50.28,50.55,50.16,50.38,52671889,Tesla
2020-08-11,43.45,43.52,43.32,43.4,78723541,Apple
2020-08-11,49.74,49.97,49.52,49.6,60544255,Tesla
2020-08-12,44.65,45.17,44.48,44.74,89766167,Apple
2020-08-12,49.45,49.54,49.01,49.44,99757246,Tesla
2020-08-13,46.02,46.22,45.63,45.92,81753617,Apple
2020-08-13,49.57,49.77,49.43,49.66,85195040,Tesla
2020-08-14,45.7,45.97,45.25,45.74,113656376,Apple
2020-08-14,48.94,49.11,48.87,48.97,88702467,Tesla
2020-08-17,46.49,46.6,46.07,46.41,95433322,Apple
2020-08-17,49.82,50.04,49.72,49.78,112096598,Tesla
2020-08-18,46.89,47.12,46.43,46.86,63045531,Apple
2020-08-18,50.14,50.63,49.79,50.3,71700554,Tesla
2020-08-19,48,48.32,47.46,47.82,93772007,Apple
2020-08-19,51.82,52.26,51.81,51.81,89232563,Tesla
2020-08-20,47.11,47.48,46.83,47.13,87774843,Apple
2020-08-20,52.38,52.57,52.13,52.42,50503176,Tesla
2020-08-21,47.58,47.97,47.49,47.62,25446342,Apple
2020-08-21,51.8,51.9,51.6,51.66,89029695,Tesla
2020-08-24,48.37,48.65,48.05,48.37,101635284,Apple
2020-08-24,51.88,52.27,51.44,52.08,106690023,Tesla
2020-08-25,47.07,47.52,46.77,47.1,79227809,Apple
2020-08-25,52.95,53.42,52.34,52.85,104829060,Tesla
2020-08-26,46.33,46.71,45.98,46.26,113251466,Apple
2020-08-26,53.82,53.83,53.16,53.67,43802443,Tesla
2020-08-27,44.7,45.18,44.48,44.84,74416105,Apple
2020-08-27,52.85,53.41,52.62,53.05,104683198,Tesla
2020-08-28,44.57,44.69,44.33,44.66,94213491,Apple
2020-08-28,52.15,52.58,51.82,52.33,99840384,Tesla
2020-08-31,45.05,45.15,44.9,45.14,64481116,Apple
2020-08-31,51.62,51.71,51.13,51.44,109425166,Tesla
2020-09-01,46.25,46.35,45.92,46.16,107684137,Apple
2020-09-01,52.58,52.85,52.4,52.68,114157912,Tesla
2020-09-02,46.37,46.68,46.12,46.21,56753179,Apple
2020-09-02,53.5,53.62,52.93,53.17,74023337,Tesla
2020-09-03,47.33,47.54,46.95,47.34,84170362,Apple
2020-09-03,52.32,52.97,52.29,52.51,30627199,Tesla
2020-09-04,46.35,46.55,46.26,46.36,33114573,Apple
2020-09-04,52.63,52.89,52.2,52.61,98662829,Tesla
2020-09-07,45.18,45.58,45.14,45.18,53050331,Apple
2020-09-07,52.51,52.81,52.39,52.52,111862041,Tesla
2020-09-08,45.24,45.65,44.94,45.14,105788951,Apple
2020-09-08,51.73,52.06,51.49,51.75,92309308,Tesla
2020-09-09,45.31,45.81,45.02,45.4,79066485,Apple
2020-09-09,51.83,52.16,51.53,51.78,24659710,Tesla
2020-09-10,45.4,45.54,45.18,45.38,41535028,Apple
2020-09-10,51.98,52.24,51.64,51.93,30772967,Tesla
2020-09-11,44.06,44.36,43.85,43.97,49892058,Apple
2020-09-11,53.41,53.44,52.98,53.43,92043074,Tesla
2020-09-14,43.95,44.07,43.67,43.91,118097412,Apple
2020-09-14,52.8,53.08,52.43,52.91,91812021,Tesla
2020-09-15,43.07,43.15,42.9,43.05,67612896,Apple
2020-09-15,51.66,51.75,51.21,51.55,85810837,Tesla
2020-09-16,43.57,43.65,43.08,43.48,114147888,Apple
2020-09-16,50.8,51.15,50.47,50.74,67326233,Tesla
2020-09-17,43.49,43.87,43.09,43.72,97063521,Apple
2020-09-17,50.07,50.1,50.01,50.06,95247979,Tesla
2020-09-18,43.17,43.35,42.89,43.11,106735175,Apple
2020-09-18,49.8,50.08,49.54,49.74,62738747,Tesla
2020-09-21,42.72,43.13,42.58,42.77,117930342,Apple
2020-09-21,49.03,49.14,48.49,48.96,25288486,Tesla
2020-09-22,41.94,42.15,41.63,42.09,33924414,Apple
2020-09-22,49.49,50.03,48.99,49.56,55877155,Tesla
2020-09-23,42.1,42.41,42.04,42.06,85758489,Apple
2020-09-23,48.79,48.95,48.38,48.73,84035604,Tesla
2020-09-24,42.78,43,42.46,42.66,93888481,Apple
2020-09-24,48.69,48.9,48.58,48.75,69700725,Tesla
2020-09-25,42.02,42.15,41.87,42.03,96696582,Apple
2020-09-25,50.29,50.75,50.16,50.21,85706799,Tesla
2020-09-28,42.43,42.63,41.96,42.34,104732542,Apple
2020-09-28,50.61,50.84,50.4,50.63,61043737,Tesla
2020-09-29,42.14,42.27,42,42.01,20723879,Apple
2020-09-29,51.03,51.52,50.53,50.97,49925566,Tesla
2020-09-30,41.62,41.87,41.28,41.51,32377179,Apple
2020-09-30,52.34,52.4,51.96,52.39,49318947,Tesla
2020-10-01,41.58,41.76,41.13,41.44,118663613,Apple
2020-10-01,53.44,53.6,52.89,53.37,105736087,Tesla
2020-10-02,40.86,40.93,40.6,40.8,38397030,Apple
2020-10-02,53.71,54.18,53.38,53.82,42271871,Tesla
2020-10-05,40.47,40.51,40.42,40.46,71775963,Apple
2020-10-05,53.57,54.05,53.5,53.57,45434344,Tesla
2020-10-06,39.61,39.95,39.22,39.73,88611582,Apple
2020-10-06,53.65,53.79,53.49,53.55,96859865,Tesla
2020-10-07,40.88,41.27,40.67,40.9,33772237,Apple
2020-10-07,53.54,54.04,53.47,53.49,81607316,Tesla
2020-10-08,40.86,41.07,40.61,40.93,106714420,Apple
2020-10-08,53.19,53.51,52.87,53.17,52754321,Tesla
2020-10-09,40.67,40.97,40.4,40.5,99040997,Apple
2020-10-09,53.53,53.96,53.21,53.34,119422478,Tesla
2020-10-12,40.61,40.89,40.41,40.63,93805443,Apple
2020-10-12,53.73,53.94,53.23,53.62,89713742,Tesla
2020-10-13,40.57,40.95,40.38,40.56,53953257,Apple
2020-10-13,52.71,52.82,52.26,52.62,48243358,Tesla
2020-10-14,40.47,40.8,40.39,40.42,68022891,Apple
2020-10-14,53.98,54.47,53.74,53.91,56274203,Tesla
2020-10-15,40.8,41.03,40.75,40.8,85449071,Apple
2020-10-15,54.32,54.83,54.14,54.24,48725383,Tesla
2020-10-16,41.4,41.67,40.91,41.26,33654424,Apple
2020-10-16,54.2,54.47,53.97,54.02,98130076,Tesla
2020-10-19,40.88,41.3,40.78,40.93,88994054,Apple
2020-10-19,54.16,54.21,53.76,54.2,100517524,Tesla
2020-10-20,40.59,40.75,40.5,40.58,41869211,Apple
2020-10-20,55.07,55.13,54.71,54.96,100016888,Tesla
2020-10-21,40.35,40.54,40.15,40.41,37007812,Apple
2020-10-21,53.79,54.1,53.58,53.75,52703728,Tesla
2020-10-22,38.91,39.02,38.61,39.01,118136898,Apple
2020-10-22,53.63,53.68,53.17,53.67,49798329,Tesla
2020-10-23,38.08,38.44,38.06,38.13,24993899,Apple
2020-10-23,52.7,52.92,52.39,52.71,75777723,Tesla
2020-10-26,38.91,39.22,38.68,38.91,98376670,Apple
2020-10-26,54.84,55,54.53,54.81,49235633,Tesla
2020-10-27,39.83,39.91,39.79,39.87,57677422,Apple
2020-10-27,54.83,55.32,54.42,54.93,76050915,Tesla
2020-10-28,39.67,39.95,39.65,39.72,35905769,Apple
2020-10-28,54.05,54.08,53.52,53.96,113827580,Tesla
2020-10-29,39.95,40.25,39.93,40.06,34299385,Apple
2020-10-29,56.86,57.15,56.47,56.87,21707806,Tesla
2020-10-30,40.24,40.3,39.91,40.25,32494418,Apple
2020-10-30,56.42,56.75,56.16,56.41,64598574,Tesla
2020-11-02,41.98,42.52,41.93,42.11,102519279,Apple
2020-11-02,56.39,56.74,56.02,56.23,39191841,Tesla
2020-11-03,42.88,42.97,42.8,42.82,64685691,Apple
2020-11-03,56.13,56.36,55.69,56.12,107696385,Tesla
2020-11-04,42.74,42.77,42.55,42.73,76828775,Apple
2020-11-04,55.58,55.75,55.12,55.41,42365378,Tesla
2020-11-05,42,42.37,41.64,42.12,119091266,Apple
2020-11-05,55.55,55.99,55.16,55.61,34833479,Tesla
2020-11-06,41.08,41.41,40.97,41.11,87403222,Apple
2020-11-06,53.65,54.22,53.17,53.77,50012723,Tesla
2020-11-09,41.17,41.25,41,41.23,101488646,Apple
2020-11-09,54.61,55.02,54.11,54.64,74183558,Tesla
2020-11-10,40.79,41.06,40.75,40.76,61149334,Apple
2020-11-10,53.42,54.22,53.27,53.72,118448075,Tesla
2020-11-11,40,40.22,39.72,39.9,78164924,Apple
2020-11-11,53.48,53.86,53.28,53.38,36230649,Tesla
2020-11-12,39.36,39.55,39.13,39.51,24721005,Apple
2020-11-12,53.87,54.4,53.73,53.99,77600146,Tesla
2020-11-13,38.88,38.94,38.65,38.87,29970977,Apple
2020-11-13,53.75,53.91,53.35,53.82,73902681,Tesla
2020-11-16,39.84,40.08,39.71,39.85,75301993,Apple
2020-11-16,53.76,53.99,53.49,53.69,85458523,Tesla
2020-11-17,40.43,40.55,40.25,40.38,64929426,Apple
2020-11-17,52.89,53.14,52.78,52.87,52851197,Tesla
2020-11-18,40.39,40.77,40.33,40.37,113456441,Apple
2020-11-18,54.49,54.67,54.43,54.53,81686158,Tesla
2020-11-19,41.21,41.61,41.06,41.27,21247752,Apple
2020-11-19,54.75,55.26,54.57,54.97,87269965,Tesla
2020-11-20,41.29,41.72,41.25,41.32,49750575,Apple
2020-11-20,54.22,54.38,54,54.08,56254895,Tesla
2020-11-23,40.72,40.89,40.41,40.78,58249586,Apple
2020-11-23,54.3,54.67,54.14,54.22,67630460,Tesla
2020-11-24,41.81,42.21,41.31,41.72,75689425,Apple
2020-11-24,53.5,53.75,52.92,53.28,37615610,Tesla
2020-11-25,42.05,42.24,41.64,42.05,75632936,Apple
2020-11-25,54.59,54.91,54.58,54.66,82241165,Tesla
2020-11-26,41.56,41.7,41.04,41.4,65257519,Apple
2020-11-26,54.66,55.36,54.6,54.82,42631985,Tesla
2020-11-27,41.27,41.3,41.03,41.28,20116908,Apple
2020-11-27,54.13,54.34,53.57,54.02,20469596,Tesla
2020-11-30,40.68,40.76,40.39,40.74,89452009,Apple
2020-11-30,54.57,54.78,54.11,54.59,54687867,Tesla
2020-12-01,39.77,40.17,39.66,39.89,65318936,Apple
2020-12-01,54.43,54.6,54.18,54.36,52072501,Tesla
2020-12-02,40.3,40.63,40.05,40.45,25846899,Apple
2020-12-02,53.48,53.96,53.26,53.31,31580293,Tesla
2020-12-03,41.47,41.7,41.28,41.61,92469542,Apple
2020-12-03,53.65,53.92,53.24,53.61,41801691,Tesla
2020-12-04,40.75,41,40.54,40.73,96138614,Apple
2020-12-04,53.92,54.24,53.7,53.9,32883789,Tesla
2020-12-07,41.12,41.22,40.77,41.08,45403726,Apple
2020-12-07,54.84,54.94,54.79,54.82,72998477,Tesla
2020-12-08,40.55,40.91,40.43,40.68,85486362,Apple
2020-12-08,54.69,55.17,54.6,54.87,49520915,Tesla
2020-12-09,40.45,40.6,40.25,40.38,97657703,Apple
2020-12-09,55.08,55.23,54.88,54.96,78366156,Tesla
2020-12-10,39.98,40.35,39.61,40.02,113869129,Apple
2020-12-10,55.22,55.62,54.77,55.09,100535130,Tesla
2020-12-11,39.51,39.84,39.48,39.5,78544451,Apple
2020-12-11,56.47,56.94,55.9,56.41,73926843,Tesla
2020-12-14,39.66,39.85,39.34,39.53,100002034,Apple
2020-12-14,55.98,56.55,55.53,56.15,22114732,Tesla
2020-12-15,39.11,39.24,38.68,39.04,45648274,Apple
2020-12-15,56.53,56.95,56.22,56.54,32960956,Tesla
2020-12-16,39.17,39.34,38.94,39.2,68750875,Apple
2020-12-16,57.23,57.52,56.82,57.06,42279169,Tesla
2020-12-17,39.1,39.48,38.88,39.17,51097044,Apple
2020-12-17,57.3,57.77,56.94,57.36,53777512,Tesla
2020-12-18,38.86,39.15,38.76,39.03,92418938,Apple
2020-12-18,57.2,57.44,56.81,57.06,119954855,Tesla
2020-12-21,38.44,38.57,38.31,38.49,114484173,Apple
2020-12-21,57.17,57.55,57.03,57.17,57103983,Tesla
2020-12-22,38.15,38.19,37.82,38.16,53600239,Apple
2020-12-22,57.17,57.32,56.7,57.09,94007063,Tesla
2020-12-23,38.52,38.77,38.3,38.59,38213202,Apple
2020-12-23,58.72,58.81,58.2,58.77,109503644,Tesla
2020-12-24,38.87,39.07,38.67,38.88,53445661,Apple
2020-12-24,58.37,58.61,58.14,58.36,56028268,Tesla
2020-12-25,38.32,38.64,38.28,38.31,104546581,Apple
2020-12-25,57.61,57.88,57.08,57.56,94394179,Tesla
2020-12-28,38.35,38.46,38.35,38.37,21558274,Apple
2020-12-28,57.43,57.7,57.18,57.56,116198001,Tesla
2020-12-29,38.75,38.95,38.38,38.8,33211492,Apple
2020-12-29,57.52,57.94,57.26,57.49,106650561,Tesla
2020-12-30,37.84,38.15,37.69,37.83,45813096,Apple
2020-12-30,57.35,57.7,57.33,57.66,70263635,Tesla
2020-12-31,38.17,38.49,37.91,38.14,23764993,Apple
2020-12-31,57.2,57.39,56.8,57.27,77426869,Tesla
2021-01-01,37.68,37.91,37.65,37.76,104196043,Apple
2021-01-01,57.42,57.85,56.9,57.36,89676468,Tesla
2021-01-04,38.19,38.37,37.82,38.08,74423349,Apple
2021-01-04,57.6,57.85,57.09,57.47,33143868,Tesla
2021-01-05,37.64,37.76,37.29,37.65,105069573,Apple
2021-01-05,58.31,58.72,58.16,58.25,62741417,Tesla
2021-01-06,36.63,36.97,36.42,36.63,35576682,Apple
2021-01-06,58.17,58.66,58.11,58.33,119192960,Tesla
2021-01-07,35.78,35.83,35.69,35.73,113697959,Apple
2021-01-07,58.54,59.1,58.09,58.42,72475326,Tesla
2021-01-08,35.78,36.11,35.55,35.76,76798428,Apple
2021-01-08,58.74,59.23,58.51,58.88,98166629,Tesla
2021-01-11,35.97,36.21,35.62,35.9,34516602,Apple
2021-01-11,59.72,59.72,59.39,59.64,31986978,Tesla
2021-01-12,35.43,35.62,35.27,35.41,46873053,Apple
2021-01-12,58.63,58.97,58.06,58.76,109885490,Tesla
2021-01-13,35.71,35.76,35.39,35.75,82770433,Apple
2021-01-13,57.57,57.74,57.15,57.66,23360966,Tesla
2021-01-14,34.89,35.05,34.63,34.86,115015624,Apple
2021-01-14,59.01,59.67,58.77,59.12,60355628,Tesla
2021-01-15,34.75,34.97,34.43,34.83,55106158,Apple
2021-01-15,59.77,59.83,59.74,59.75,94686540,Tesla
2021-01-18,34.2,34.26,33.98,34.19,33426433,Apple
2021-01-18,59.53,59.78,59.51,59.55,23498352,Tesla
2021-01-19,33.86,34.08,33.81,33.86,85516892,Apple
2021-01-19,59.63,59.77,59.16,59.57,38307904,Tesla
2021-01-20,33.87,34.21,33.76,33.88,98004448,Apple
2021-01-20,59.22,59.72,58.72,59.22,81551117,Tesla
2021-01-21,33.44,33.63,33.37,33.45,118957001,Apple
2021-01-21,59.23,59.59,58.81,59.41,23281401,Tesla
2021-01-22,33.13,33.49,32.83,33.25,44336228,Apple
2021-01-22,58.57,59.15,58.3,58.54,65209152,Tesla
2021-01-25,33.72,33.78,33.46,33.75,109405883,Apple
2021-01-25,59.07,59.3,59.05,59.28,102855343,Tesla
2021-01-26,33.47,33.61,33.24,33.46,76018784,Apple
2021-01-26,59.33,59.51,58.76,59.43,62780809,Tesla
2021-01-27,33.89,33.93,33.78,33.88,44566789,Apple
2021-01-27,59.58,59.76,58.99,59.62,114805260,Tesla
2021-01-28,33.24,33.51,33.18,33.31,51966443,Apple
2021-01-28,58.77,59.3,58.45,58.82,38894563,Tesla
2021-01-29,33.66,33.97,33.32,33.57,62751102,Apple
2021-01-29,59.09,59.81,59.05,59.29,99064264,Tesla
2021-02-01,34.24,34.53,34.08,34.3,81709415,Apple
2021-02-01,58.67,58.71,58.2,58.51,58362253,Tesla
2021-02-02,33.09,33.12,32.95,33.03,117108716,Apple
2021-02-02,58.1,58.11,57.39,57.9,68085603,Tesla
2021-02-03,32.66,32.78,32.43,32.63,20667538,Apple
2021-02-03,58.24,58.68,57.59,57.98,111486887,Tesla
2021-02-04,32.87,33.1,32.86,32.91,58161887,Apple
2021-02-04,60.3,60.38,59.73,60.16,99531618,Tesla
2021-02-05,32.93,33.06,32.71,32.81,72344986,Apple
2021-02-05,60.27,60.4,60.22,60.32,113616966,Tesla
2021-02-08,32.92,33.27,32.76,33,58427123,Apple
2021-02-08,57.94,58,57.88,57.99,72169641,Tesla
2021-02-09,32.76,33.03,32.65,32.7,105948704,Apple
2021-02-09,57.38,57.46,57.31,57.43,40771170,Tesla
2021-02-10,32.81,33.01,32.42,32.74,49811197,Apple
2021-02-10,58.25,58.41,57.5,58.02,36820801,Tesla
2021-02-11,32.62,32.79,32.55,32.66,47112999,Apple
2021-02-11,57.03,57.08,56.73,57.04,42235982,Tesla
2021-02-12,33.33,33.41,33.19,33.24,91370527,Apple
2021-02-12,57.9,58.11,57.29,57.75,108382792,Tesla
2021-02-15,33.35,33.4,33.28,33.36,57565200,Apple
2021-02-15,58.03,58.51,57.82,57.89,26717998,Tesla
2021-02-16,33.55,33.67,33.27,33.53,38103047,Apple
2021-02-16,58.77,58.96,58.2,58.75,68057168,Tesla
2021-02-17,33.34,33.48,33.18,33.33,117253673,Apple
2021-02-17,58.09,58.68,57.61,58.26,97522813,Tesla
2021-02-18,33.07,33.31,32.89,33.08,83200865,Apple
2021-02-18,57.69,57.75,57.56,57.7,115978726,Tesla
2021-02-19,32.92,33.14,32.86,32.87,113180040,Apple
2021-02-19,58.21,58.59,57.68,58.19,82274867,Tesla
2021-02-22,33.11,33.14,33.05,33.06,96388727,Apple
2021-02-22,58.33,58.52,58.03,58.18,85554065,Tesla
2021-02-23,32.74,32.98,32.59,32.85,81996450,Apple
2021-02-23,58.13,58.56,58,58.12,118942670,Tesla
2021-02-24,33.08,33.14,32.73,33,80998854,Apple
2021-02-24,59.35,59.57,59.19,59.49,30089617,Tesla
2021-02-25,33.91,34.08,33.61,34.02,51013300,Apple
2021-02-25,60.15,60.69,59.48,60.03,102662551,Tesla
2021-02-26,34.54,34.82,34.44,34.47,66548721,Apple
2021-02-26,58.21,58.38,57.68,58.24,88036374,Tesla
2021-03-01,34.38,34.39,34.11,34.3,46846488,Apple
2021-03-01,58.64,59.14,58.44,58.94,100025739,Tesla
2021-03-02,34.84,35.06,34.52,34.92,73878082,Apple
2021-03-02,59.59,60.16,59.13,59.55,84332438,Tesla
2021-03-03,34.67,34.76,34.54,34.7,47644667,Apple
2021-03-03,60.67,61.02,60.2,60.61,37215508,Tesla
2021-03-04,33.57,33.94,33.29,33.64,87871421,Apple
2021-03-04,59.66,59.98,59.18,59.76,71580157,Tesla
2021-03-05,33.12,33.32,33.07,33.13,109153462,Apple
2021-03-05,60.03,60.62,59.85,60.05,27043135,Tesla
2021-03-08,32.18,32.28,31.88,32.2,82950317,Apple
2021-03-08,60.23,60.43,59.84,60.15,69024071,Tesla
2021-03-09,32.08,32.24,31.79,32.03,44944791,Apple
2021-03-09,59.33,59.38,58.89,59.29,104642781,Tesla
2021-03-10,32.13,32.36,31.74,32.04,96080405,Apple
2021-03-10,59.94,60.73,59.92,60.13,44522881,Tesla
2021-03-11,32.94,33.26,32.63,32.85,27188106,Apple
2021-03-11,60.06,60.22,59.68,59.91,76785476,Tesla
2021-03-12,32.97,33.08,32.85,33.01,87430063,Apple
2021-03-12,61.15,61.68,60.52,60.95,117808608,Tesla
2021-03-15,32.89,33.19,32.58,32.9,42139911,Apple
2021-03-15,60.21,60.37,60.05,60.27,113033027,Tesla
2021-03-16,33.2,33.62,33.11,33.31,113201190,Apple
2021-03-16,58.72,59.38,58.16,58.95,21361349,Tesla
2021-03-17,32.15,32.5,32.05,32.21,90938858,Apple
2021-03-17,58.82,59.13,58.71,58.73,61315286,Tesla
2021-03-18,32.38,32.59,32.09,32.32,46577570,Apple
2021-03-18,58.86,59.51,58.29,58.94,38389996,Tesla
2021-03-19,32.8,33,32.44,32.69,51638829,Apple
2021-03-19,58.53,58.85,58.34,58.46,64834175,Tesla
2021-03-22,31.89,32.1,31.59,31.97,51625253,Apple
2021-03-22,56.02,56.04,55.75,55.78,93384042,Tesla
2021-03-23,32.48,32.76,32.41,32.52,33329543,Apple
2021-03-23,55.92,56.44,55.76,56.1,37140332,Tesla
2021-03-24,32.68,32.85,32.42,32.68,44169269,Apple
2021-03-24,56.33,56.5,55.88,56.42,86772070,Tesla
2021-03-25,32.5,32.72,32.24,32.48,36806308,Apple
2021-03-25,56.98,57.45,56.55,57,36237708,Tesla
2021-03-26,32.73,32.93,32.71,32.79,25113050,Apple
2021-03-26,56.82,57.31,56.55,56.67,22472512,Tesla
2021-03-29,33.93,34.18,33.77,33.9,78040667,Apple
2021-03-29,56.7,56.98,56.19,56.3,50214342,Tesla
2021-03-30,33.96,34.28,33.87,34,102101793,Apple
2021-03-30,57.55,58,57.15,57.52,93727855,Tesla
2021-03-31,34.12,34.17,34.02,34.12,51530062,Apple
2021-03-31,55.98,56.24,55.72,56.16,59445146,Tesla
2021-04-01,33.92,34.21,33.55,33.89,40858750,Apple
2021-04-01,55.91,56.23,55.47,55.95,99554638,Tesla
2021-04-02,33.46,33.64,33.24,33.45,97388048,Apple
2021-04-02,55.98,56.29,55.97,56.07,54142131,Tesla
2021-04-05,33.84,34.16,33.6,33.87,78592416,Apple
2021-04-05,56.66,57.01,56.24,56.58,54319229,Tesla
2021-04-06,33.43,33.58,33.1,33.44,84853869,Apple
2021-04-06,56.77,56.79,56.31,56.73,65161953,Tesla
2021-04-07,33.47,33.6,33.34,33.47,82179635,Apple
2021-04-07,55.82,56.36,55.27,55.94,49344255,Tesla
2021-04-08,33.21,33.54,32.94,33.23,61543029,Apple
2021-04-08,56.83,56.97,56.44,56.92,33082873,Tesla
2021-04-09,33.45,33.56,33.31,33.47,103491791,Apple
2021-04-09,56.88,57.3,56.75,56.92,93007992,Tesla
2021-04-12,33.75,34.03,33.35,33.64,36984796,Apple
2021-04-12,55.47,55.51,55.41,55.5,90967087,Tesla
2021-04-13,34.2,34.37,34.1,34.16,49908080,Apple
2021-04-13,55.67,56.14,55.31,55.67,71409648,Tesla
2021-04-14,33.88,34.08,33.56,33.9,40549596,Apple
2021-04-14,56.07,56.17,55.78,56.07,98684759,Tesla
2021-04-15,33.81,33.91,33.69,33.76,83078804,Apple
2021-04-15,57.86,58.16,57.2,57.72,75036878,Tesla
2021-04-16,33.25,33.46,33.14,33.27,28865465,Apple
2021-04-16,58.03,58.22,57.6,58.07,37025506,Tesla
2021-04-19,33.12,33.23,32.8,33.05,117581908,Apple
2021-04-19,56.72,57.19,56.43,56.78,80042051,Tesla
2021-04-20,33.26,33.27,33.1,33.23,113934788,Apple
2021-04-20,55.4,55.73,55.18,55.55,102204843,Tesla
2021-04-21,33.6,33.7,33.4,33.61,106986866,Apple
2021-04-21,56.57,57.01,56.34,56.6,28043364,Tesla
2021-04-22,33.18,33.18,33,33.15,60840312,Apple
2021-04-22,55.94,56.1,55.79,55.92,49632222,Tesla
2021-04-23,33.47,33.91,33.22,33.58,89760652,Apple
2021-04-23,54.43,55.03,54.42,54.62,107692581,Tesla
2021-04-26,34.18,34.59,34.11,34.26,82275648,Apple
2021-04-26,55.4,55.45,55.08,55.44,117556873,Tesla
2021-04-27,34.39,34.61,34.37,34.47,81089043,Apple
2021-04-27,55.17,55.32,54.92,55.04,56173621,Tesla
2021-04-28,35.45,35.71,35.34,35.44,87318584,Apple
2021-04-28,55.89,56.17,55.71,55.82,26358234,Tesla
2021-04-29,35.15,35.28,34.87,35.03,106104302,Apple
2021-04-29,55.1,55.12,54.99,55.06,119979497,Tesla
2021-04-30,34.53,34.76,34.32,34.38,101492269,Apple
2021-04-30,56.34,56.45,56.17,56.27,80245893,Tesla
2021-05-03,33.5,33.77,33.34,33.46,40768135,Apple
2021-05-03,56.94,57.54,56.93,57.01,57058611,Tesla
2021-05-04,34.25,34.57,34.08,34.21,45079305,Apple
2021-05-04,56.31,56.94,55.93,56.39,96376078,Tesla
2021-05-05,34.42,34.69,34.4,34.55,73347272,Apple
2021-05-05,55.13,55.53,54.77,54.99,85572163,Tesla
2021-05-06,34.48,34.79,34.28,34.52,76885616,Apple
2021-05-06,56.98,57.13,56.57,56.89,88207032,Tesla
2021-05-07,34.61,34.76,34.3,34.66,32525800,Apple
2021-05-07,56.62,56.86,56.26,56.71,47481199,Tesla
2021-05-10,34.04,34.42,33.98,34.08,30520770,Apple
2021-05-10,55.85,56.42,55.31,56.06,96734453,Tesla
2021-05-11,35.32,35.34,35.11,35.33,112169112,Apple
2021-05-11,57.14,57.29,57.1,57.23,56183911,Tesla
2021-05-12,35.36,35.61,35.13,35.4,100470704,Apple
2021-05-12,58.1,58.65,57.8,58.04,72568070,Tesla
2021-05-13,35.32,35.69,35.17,35.46,47127984,Apple
2021-05-13,58.99,59.2,58.84,59.07,97760050,Tesla
2021-05-14,35.9,36.14,35.59,35.84,63677912,Apple
2021-05-14,59.02,59.61,58.7,58.98,42790969,Tesla
2021-05-17,36.02,36.14,35.87,36.1,68825789,Apple
2021-05-17,60.82,61.12,60.09,60.64,75840496,Tesla
2021-05-18,36.24,36.58,36.04,36.22,49397621,Apple
2021-05-18,59.44,59.91,59.01,59.45,47051252,Tesla
2021-05-19,35.94,36.01,35.79,35.79,94125475,Apple
2021-05-19,58.99,58.99,58.57,58.96,118917823,Tesla
2021-05-20,35.98,36.27,35.73,36.04,57391910,Apple
2021-05-20,59.39,59.91,59.04,59.3,105986668,Tesla
2021-05-21,36.88,37.15,36.63,37.06,85546292,Apple
2021-05-21,60.21,60.51,59.81,60.34,44735086,Tesla
2021-05-24,37.79,37.93,37.77,37.81,22780877,Apple
2021-05-24,60.85,61.35,60.83,60.94,108776601,Tesla
2021-05-25,38.8,39.01,38.57,38.71,23031863,Apple
2021-05-25,60.96,61.45,60.51,60.87,27356089,Tesla
2021-05-26,38.57,38.73,38.04,38.42,71481959,Apple
2021-05-26,60.44,60.54,60.1,60.43,24719902,Tesla
2021-05-27,37.75,37.91,37.6,37.85,55150208,Apple
2021-05-27,61.51,61.78,61.28,61.5,42799372,Tesla
2021-05-28,37.81,37.88,37.59,37.78,30457143,Apple
2021-05-28,62.21,62.51,62.08,62.2,23736029,Tesla
2021-05-31,37.77,37.97,37.43,37.81,73448821,Apple
2021-05-31,61.51,61.7,60.89,61.39,37623670,Tesla
2021-06-01,38.42,38.72,38.14,38.43,119695491,Apple
2021-06-01,60.61,60.9,60.52,60.55,109794188,Tesla
2021-06-02,37.65,37.99,37.23,37.45,41603101,Apple
2021-06-02,60.11,60.3,60.02,60.06,72971634,Tesla
2021-06-03,38.2,38.34,37.89,38.31,56799243,Apple
2021-06-03,59.6,59.81,59.19,59.45,50507516,Tesla
2021-06-04,38.24,38.39,37.89,38.22,69261346,Apple
2021-06-04,60.56,60.97,60.22,60.37,58795320,Tesla
2021-06-07,38.01,38.05,37.8,37.98,106920012,Apple
2021-06-07,61.04,61.42,60.31,60.76,22654589,Tesla
2021-06-08,37.48,37.49,37.22,37.4,87730611,Apple
2021-06-08,61.2,61.41,60.81,61.27,52498844,Tesla
2021-06-09,36.48,36.72,36.33,36.47,64787557,Apple
2021-06-09,61.75,62.31,60.97,61.45,86436023,Tesla
2021-06-10,36.94,37.17,36.56,36.92,71612906,Apple
2021-06-10,61.53,62.2,61.33,61.67,73675829,Tesla
2021-06-11,36.93,37.02,36.68,36.96,69214147,Apple
2021-06-11,60.44,60.75,59.76,60.21,52136324,Tesla
2021-06-14,36.27,36.35,36.22,36.25,74755123,Apple
2021-06-14,60.85,61.19,60.32,60.92,27632034,Tesla
2021-06-15,35.52,35.55,35.21,35.54,65462607,Apple
2021-06-15,60.4,60.64,60.19,60.41,75619858,Tesla
2021-06-16,35.41,35.7,35.19,35.36,53850844,Apple
2021-06-16,60.38,60.81,60.17,60.38,115397558,Tesla
2021-06-17,36.22,36.6,36.2,36.25,68341834,Apple
2021-06-17,59.84,60.35,59.31,59.95,88936780,Tesla
2021-06-18,36.13,36.18,35.91,36.11,64514743,Apple
2021-06-18,60.09,60.21,60.05,60.08,27694379,Tesla
2021-06-21,35.29,35.38,35.14,35.29,30774240,Apple
2021-06-21,60.5,61,60.29,60.6,52334141,Tesla
2021-06-22,35.24,35.55,34.85,35.16,98384697,Apple
2021-06-22,59.53,59.83,59.46,59.68,83050261,Tesla
2021-06-23,35.02,35.34,34.94,35.02,115507548,Apple
2021-06-23,59.9,59.92,59.88,59.91,64045896,Tesla
2021-06-24,33.48,33.74,33.21,33.6,51601658,Apple
2021-06-24,59.69,60.11,59.44,59.5,96678896,Tesla
2021-06-25,33.66,33.68,33.39,33.58,101966182,Apple
2021-06-25,60.65,61.07,60.39,60.68,119207404,Tesla
2021-06-28,33.4,33.47,33.38,33.46,98193035,Apple
2021-06-28,59.78,60.02,59.26,59.67,37939324,Tesla
2021-06-29,33.76,34,33.44,33.81,63441158,Apple
2021-06-29,58.67,59.08,58.5,58.77,43135452,Tesla
2021-06-30,34.71,34.88,34.53,34.75,46966655,Apple
2021-06-30,58.3,59.01,57.81,58.45,39793205,Tesla
2021-07-01,35.43,35.44,35.23,35.33,48906038,Apple
2021-07-01,57.69,58.04,57.39,57.64,92552021,Tesla
2021-07-02,35.04,35.4,34.88,35.19,82366569,Apple
2021-07-02,57.65,58.03,56.89,57.45,86012336,Tesla
2021-07-05,34.82,34.83,34.31,34.61,59873085,Apple
2021-07-05,57.02,57.05,56.45,56.99,103082459,Tesla
2021-07-06,36.02,36.3,35.83,35.94,62950745,Apple
2021-07-06,57.16,57.26,56.63,57.07,94766373,Tesla
2021-07-07,35.99,36.1,35.91,35.97,59954663,Apple
2021-07-07,58.1,58.28,57.39,57.93,96180109,Tesla
2021-07-08,35.98,36,35.93,35.98,95260360,Apple
2021-07-08,57.99,58.31,57.58,57.99,111932078,Tesla
2021-07-09,35.99,36.2,35.86,35.97,108926440,Apple
2021-07-09,58.12,58.59,57.6,58.13,106221640,Tesla
2021-07-12,36.11,36.26,35.79,36.08,77487713,Apple
2021-07-12,57.27,57.45,57.08,57.21,112888869,Tesla
2021-07-13,36.04,36.4,35.83,36,52285676,Apple
2021-07-13,57.17,57.38,56.9,57.1,63739583,Tesla
2021-07-14,35.73,35.92,35.61,35.69,94559926,Apple
2021-07-14,56.58,56.88,56.15,56.74,114172654,Tesla
2021-07-15,35.4,35.5,35.34,35.4,112591478,Apple
2021-07-15,57.35,57.5,57.07,57.32,47138731,Tesla
2021-07-16,35.36,35.63,35.25,35.38,30304803,Apple
2021-07-16,56.66,57.2,56.18,56.66,58828156,Tesla
2021-07-19,35.08,35.18,34.75,35.09,40324696,Apple
2021-07-19,55.84,56.28,55.35,55.93,99520832,Tesla
2021-07-20,34.7,35.03,34.58,34.71,112320400,Apple
2021-07-20,56.19,56.28,56.02,56.19,46739480,Tesla
2021-07-21,34.85,34.98,34.43,34.77,64439681,Apple
2021-07-21,57.73,58.28,57.25,57.86,37210127,Tesla
2021-07-22,34.68,34.87,34.47,34.64,24528268,Apple
2021-07-22,57.54,58.13,57.45,57.71,55035361,Tesla
2021-07-23,35.21,35.44,35.15,35.42,38999710,Apple
2021-07-23,57.86,58.25,57.66,57.86,26244994,Tesla
2021-07-26,34.05,34.2,33.71,34.01,97161564,Apple
2021-07-26,58.78,58.86,58.37,58.68,74303440,Tesla
2021-07-27,34.58,34.87,34.41,34.57,49696625,Apple
2021-07-27,59.09,59.37,58.95,59.13,40615094,Tesla
2021-07-28,35.21,35.5,34.96,35.21,104373787,Apple
2021-07-28,59.47,59.65,59.13,59.58,102830716,Tesla
2021-07-29,34.09,34.19,33.76,34.12,103978171,Apple
2021-07-29,59.4,59.99,59.06,59.5,59143024,Tesla
2021-07-30,34.02,34.1,33.93,33.94,75922586,Apple
2021-07-30,59.5,59.89,59.31,59.43,44902387,Tesla
2021-08-02,33.82,34.09,33.72,33.75,50590606,Apple
2021-08-02,58.96,59.25,58.29,58.76,73422848,Tesla
2021-08-03,32.99,33.35,32.75,33.04,54447582,Apple
2021-08-03,59.28,59.48,58.81,59.19,23714886,Tesla
2021-08-04,32.68,32.71,32.56,32.66,35090407,Apple
2021-08-04,59.75,59.86,59.41,59.6,39657945,Tesla
2021-08-05,32.05,32.26,31.99,32.11,35974862,Apple
2021-08-05,60.11,60.3,59.97,60.24,75622638,Tesla
2021-08-06,32.86,33.07,32.85,32.96,96033299,Apple
2021-08-06,59.79,60.38,59.27,59.8,63887462,Tesla
2021-08-09,33.38,33.71,33.37,33.42,61596585,Apple
2021-08-09,60.67,60.79,60.04,60.54,65612306,Tesla
2021-08-10,34.11,34.14,33.79,34.06,53338507,Apple
2021-08-10,61.4,61.61,61.26,61.57,33243443,Tesla
2021-08-11,34.49,34.56,34.38,34.42,113206884,Apple
2021-08-11,60.37,61.03,60.35,60.45,24334965,Tesla
2021-08-12,33.88,34.13,33.68,33.84,42295574,Apple
2021-08-12,60.3,60.63,59.7,60.18,69762060,Tesla
2021-08-13,33.62,33.64,33.37,33.57,74271711,Apple
2021-08-13,61.28,61.76,60.87,61.24,118735443,Tesla
2021-08-16,33.86,34.02,33.68,33.82,45587567,Apple
2021-08-16,60.53,60.67,60.47,60.65,101148505,Tesla
2021-08-17,33.16,33.35,33.15,33.2,111110669,Apple
2021-08-17,60.93,61.47,60.57,61.13,80056664,Tesla
2021-08-18,33.58,33.7,33.29,33.56,113838170,Apple
2021-08-18,61.3,61.54,60.86,61.14,22890632,Tesla
2021-08-19,33.49,33.62,33.43,33.44,55079500,Apple
2021-08-19,61.19,61.91,60.71,61.44,29721896,Tesla
2021-08-20,33.3,33.47,32.99,33.25,116888916,Apple
2021-08-20,61.55,61.58,61.35,61.48,48146991,Tesla
2021-08-23,33.68,33.74,33.3,33.6,101406572,Apple
2021-08-23,62.1,62.41,61.82,62.16,106975755,Tesla
2021-08-24,33.87,34.07,33.68,33.83,84898078,Apple
2021-08-24,61.34,61.83,61.12,61.21,89616777,Tesla
2021-08-25,33.67,33.94,33.46,33.64,64107492,Apple
2021-08-25,60.25,60.69,59.67,60.37,24146181,Tesla
2021-08-26,34.3,34.56,34.06,34.23,116409465,Apple
2021-08-26,62.02,62.36,61.22,61.7,95591921,Tesla
2021-08-27,33.67,33.72,33.54,33.67,83721834,Apple
2021-08-27,63.69,63.76,63.17,63.64,115599610,Tesla
2021-08-30,33.92,34.03,33.62,33.98,73668661,Apple
2021-08-30,63.71,63.79,63.2,63.64,24188851,Tesla
2021-08-31,34.27,34.38,33.97,34.29,49140356,Apple
2021-08-31,65.17,65.72,64.9,65.27,69806120,Tesla
2021-09-01,34.08,34.25,33.96,34.13,94825356,Apple
2021-09-01,64.5,64.95,63.91,64.52,57913554,Tesla
2021-09-02,34.25,34.43,34.04,34.29,31472170,Apple
2021-09-02,63.99,64.63,63.94,64,33509125,Tesla
2021-09-03,33.64,33.88,33.33,33.65,108458610,Apple
2021-09-03,65.64,66.11,64.88,65.4,69570574,Tesla
2021-09-06,34.06,34.14,33.73,34.12,93267246,Apple
2021-09-06,66.25,66.57,66.05,66.19,91417232,Tesla
2021-09-07,34,34.03,33.83,34.02,114982118,Apple
2021-09-07,67.86,68.44,67.57,67.79,57497615,Tesla
2021-09-08,33.63,33.89,33.47,33.76,80676934,Apple
2021-09-08,68.34,68.41,67.91,68.26,108700059,Tesla
2021-09-09,34.3,34.54,34.19,34.29,35049125,Apple
2021-09-09,67.31,67.61,66.7,67.23,106667348,Tesla
2021-09-10,33.92,33.99,33.6,33.92,55886559,Apple
2021-09-10,67.27,67.65,66.7,67.45,76555207,Tesla
2021-09-13,33.15,33.42,33.11,33.21,119135549,Apple
2021-09-13,68.95,69.02,68.27,68.67,31452553,Tesla
2021-09-14,32.47,32.56,32.24,32.43,89183142,Apple
2021-09-14,68.41,69.06,68.14,68.53,115366025,Tesla
2021-09-15,32.79,33.08,32.63,32.73,108870006,Apple
2021-09-15,68.23,68.59,67.59,68.24,45252552,Tesla
2021-09-16,31.99,32.39,31.91,32.1,30533873,Apple
2021-09-16,68.94,69.33,68.56,68.73,25421211,Tesla
2021-09-17,32.89,33.04,32.76,32.94,108220245,Apple
2021-09-17,68.42,68.7,67.61,68.16,76248727,Tesla
2021-09-20,31.87,31.99,31.55,31.91,51849424,Apple
2021-09-20,68.57,68.88,68.04,68.46,85825554,Tesla
2021-09-21,32.66,32.86,32.65,32.73,56586547,Apple
2021-09-21,68.45,68.6,68.2,68.52,44109635,Tesla
2021-09-22,32.88,32.96,32.64,32.83,20690778,Apple
2021-09-22,68.04,68.49,68.02,68.02,53828023,Tesla
2021-09-23,32.77,33,32.74,32.78,57598496,Apple
2021-09-23,69.04,69.34,68.71,69.02,22183721,Tesla
2021-09-24,32.5,32.78,32.45,32.51,45343981,Apple
2021-09-24,69.72,70.29,69.5,69.69,87346827,Tesla
2021-09-27,32.58,32.93,32.43,32.71,86603344,Apple
2021-09-27,69.15,69.45,69.08,69.32,107914134,Tesla
2021-09-28,32.73,33,32.52,32.69,114028585,Apple
2021-09-28,69.48,69.62,69.25,69.3,47014739,Tesla
2021-09-29,33.15,33.36,33.06,33.23,43411915,Apple
2021-09-29,69.04,69.49,68.78,69.02,86081925,Tesla
2021-09-30,33.29,33.34,33.18,33.29,42736538,Apple
2021-09-30,68.26,68.94,67.84,68.36,60539444,Tesla
2021-10-01,33.38,33.63,33.33,33.36,93145071,Apple
2021-10-01,66.55,66.93,65.99,66.62,108830761,Tesla
2021-10-04,33.27,33.39,33.08,33.18,46395783,Apple
2021-10-04,66.17,66.65,66.01,66.14,84191425,Tesla
2021-10-05,33.07,33.38,32.75,33.15,33327766,Apple
2021-10-05,65.33,66.17,65.05,65.52,53163805,Tesla
2021-10-06,33.11,33.4,32.79,33.31,73675515,Apple
2021-10-06,65.74,66.4,65.37,65.63,105724122,Tesla
2021-10-07,32.46,32.49,32.34,32.45,76694121,Apple
2021-10-07,66.09,66.59,65.72,66.06,101920169,Tesla
2021-10-08,31.91,32.23,31.61,31.8,32344700,Apple
2021-10-08,65.47,65.96,64.74,65.27,112802391,Tesla
2021-10-11,32.23,32.28,31.86,32.15,95290175,Apple
2021-10-11,65.64,65.81,65.27,65.63,98073328,Tesla
2021-10-12,32.25,32.56,32.23,32.23,51959674,Apple
2021-10-12,64.55,65.23,64.01,64.69,114186640,Tesla
2021-10-13,32.11,32.46,31.85,32.14,84577789,Apple
2021-10-13,64.42,64.83,64.08,64.57,46348956,Tesla
2021-10-14,32.2,32.46,31.85,32.15,88767196,Apple
2021-10-14,63.94,64.6,63.55,63.99,59113443,Tesla
2021-10-15,32.26,32.53,32.23,32.32,108337521,Apple
2021-10-15,64.67,64.76,64.38,64.7,47281201,Tesla
2021-10-18,32.09,32.27,32.01,32.06,117573391,Apple
2021-10-18,64.74,65.1,64.21,64.82,86140747,Tesla
2021-10-19,31.72,31.99,31.38,31.68,37548495,Apple
2021-10-19,64.73,65.09,64.11,64.71,21765040,Tesla
2021-10-20,31.84,31.94,31.61,31.78,78408466,Apple
2021-10-20,64.03,64.36,63.62,64.1,89489096,Tesla
2021-10-21,31.48,31.63,31.31,31.31,117536375,Apple
2021-10-21,63.82,63.95,63.26,63.79,48265426,Tesla
2021-10-22,31.53,31.72,31.42,31.5,91183863,Apple
2021-10-22,65.47,65.93,65.43,65.54,62825005,Tesla
2021-10-25,30.67,30.82,30.53,30.7,28966309,Apple
2021-10-25,65.13,65.62,64.45,65.04,119997741,Tesla
2021-10-26,31.17,31.31,30.95,31.17,52138789,Apple
2021-10-26,65.47,65.93,65.35,65.51,82430224,Tesla
2021-10-27,31.28,31.5,31.05,31.39,71920052,Apple
2021-10-27,65.56,65.72,65.23,65.4,50102887,Tesla
2021-10-28,31.47,31.69,31.16,31.51,97302620,Apple
2021-10-28,65.93,66.41,65.81,65.84,97251706,Tesla
2021-10-29,31.95,32.25,31.86,31.98,33701736,Apple
2021-10-29,66.7,66.87,66.03,66.67,52926332,Tesla
2021-11-01,32.74,32.84,32.57,32.78,91001689,Apple
2021-11-01,66.29,66.43,65.72,66.32,78097775,Tesla
2021-11-02,33.29,33.6,33.1,33.28,109239454,Apple
2021-11-02,66.82,67.48,66.21,67.02,98430800,Tesla
2021-11-03,32.3,32.58,32.17,32.36,56425515,Apple
2021-11-03,69.99,70.58,69.2,69.79,117197301,Tesla
2021-11-04,31.81,32.07,31.68,31.74,96107195,Apple
2021-11-04,70.29,70.73,69.95,70.39,84125786,Tesla
2021-11-05,31.44,31.61,31.13,31.44,75070027,Apple
2021-11-05,72.1,72.49,71.42,72.09,52848262,Tesla
2021-11-08,31.45,31.7,31.18,31.45,28671734,Apple
2021-11-08,72.66,72.88,71.91,72.61,63311091,Tesla
2021-11-09,31.67,31.7,31.52,31.69,110428304,Apple
2021-11-09,71.57,71.95,71.21,71.6,33199751,Tesla
2021-11-10,31.36,31.62,31.16,31.35,22644046,Apple
2021-11-10,72.09,72.18,71.77,71.89,36578887,Tesla
2021-11-11,31.49,31.5,31.37,31.44,70065992,Apple
2021-11-11,71.36,72.22,70.89,71.54,115929558,Tesla
2021-11-12,31.03,31.36,30.86,31.08,99646633,Apple
2021-11-12,71.14,71.71,70.2,70.9,72521326,Tesla
2021-11-15,30.76,31.1,30.54,30.8,66910127,Apple
2021-11-15,70.91,71.39,70.2,70.82,112384053,Tesla
2021-11-16,30.13,30.24,29.97,30.15,65322635,Apple
2021-11-16,70.62,71.04,70.01,70.65,87630155,Tesla
2021-11-17,29.65,29.79,29.36,29.73,59368536,Apple
2021-11-17,69.5,70.08,68.85,69.53,24640475,Tesla
2021-11-18,29.08,29.35,28.9,29.13,90872166,Apple
2021-11-18,72.04,72.71,71.39,72.36,87208694,Tesla
2021-11-19,28.67,28.77,28.57,28.7,71257745,Apple
2021-11-19,73.11,73.45,72.54,73.23,33344485,Tesla
2021-11-22,29.2,29.46,28.93,29.15,89092302,Apple
2021-11-22,73.45,73.62,72.92,73.5,64009393,Tesla
2021-11-23,28.75,28.78,28.69,28.74,41971167,Apple
2021-11-23,73.63,74.1,73.41,73.6,42848439,Tesla
2021-11-24,29.88,29.92,29.76,29.87,103399173,Apple
2021-11-24,75.12,75.82,74.46,74.93,36074206,Tesla
2021-11-25,30.15,30.44,29.99,30.09,104269689,Apple
2021-11-25,77.58,77.7,76.86,77.26,33544712,Tesla
2021-11-26,30.17,30.38,30.04,30.18,73436651,Apple
2021-11-26,78.1,78.24,77.38,78.05,54873453,Tesla
2021-11-29,29.81,30.06,29.56,29.79,72842611,Apple
2021-11-29,78.23,78.57,77.81,78.2,75701394,Tesla
2021-11-30,30.1,30.2,29.95,30.1,72717797,Apple
2021-11-30,79.85,80.57,79.74,79.92,50640434,Tesla
2021-12-01,29.86,30.06,29.61,29.84,59320824,Apple
2021-12-01,79.82,80.33,79.82,80.09,71483847,Tesla
2021-12-02,29.86,30.07,29.69,29.9,22803005,Apple
2021-12-02,80.52,80.82,79.97,80.62,48216259,Tesla
2021-12-03,30.89,31.23,30.79,31.04,68877508,Apple
2021-12-03,81.79,82.34,81.34,81.83,100252958,Tesla
2021-12-06,30.99,31.21,30.74,31,63229393,Apple
2021-12-06,81.51,81.95,81.08,81.35,111043586,Tesla
2021-12-07,31.62,31.81,31.46,31.53,72596367,Apple
2021-12-07,78.9,78.95,78.69,78.82,112083538,Tesla
2021-12-08,31.26,31.39,31.13,31.2,92365447,Apple
2021-12-08,78.34,78.4,77.94,78.31,105481244,Tesla
2021-12-09,31.25,31.33,31.03,31.19,33553496,Apple
2021-12-09,79.12,79.72,79.04,79.21,70973961,Tesla
2021-12-10,32.09,32.34,31.93,32.01,98542943,Apple
2021-12-10,79.73,80.42,79.46,80.05,111425419,Tesla
2021-12-13,31.72,31.79,31.71,31.71,31592789,Apple
2021-12-13,81.35,82.45,81.04,81.66,95920173,Tesla
2021-12-14,32.59,32.81,32.36,32.57,88770206,Apple
2021-12-14,80.91,81.73,80.53,81.18,99550237,Tesla
2021-12-15,32.88,33,32.71,32.92,36230378,Apple
2021-12-15,83.05,83.11,82.66,83.1,70004987,Tesla
2021-12-16,32.62,32.85,32.48,32.64,29208201,Apple
2021-12-16,83.5,83.9,83.12,83.33,92469457,Tesla
2021-12-17,32.99,33.24,32.63,32.95,48498615,Apple
2021-12-17,84.25,84.6,83.37,84.09,81505239,Tesla
2021-12-20,33.51,33.59,33.24,33.43,114748280,Apple
2021-12-20,85.36,85.45,84.92,85.23,22670111,Tesla
2021-12-21,33.74,33.77,33.44,33.75,85250123,Apple
2021-12-21,83.37,84.23,83.18,83.46,89586376,Tesla
2021-12-22,32.92,32.99,32.87,32.95,75977460,Apple
2021-12-22,82.39,83.05,82.06,82.2,74284078,Tesla
2021-12-23,32.59,32.79,32.41,32.59,61265043,Apple
2021-12-23,80.77,81.11,80.51,80.92,52462935,Tesla
2021-12-24,32.51,32.79,32.19,32.47,112143748,Apple
2021-12-24,82.36,82.57,82.17,82.22,73072958,Tesla
2021-12-27,32.34,32.45,32.15,32.43,35780630,Apple
2021-12-27,81.57,81.87,81.55,81.85,47669890,Tesla
2021-12-28,32.59,32.98,32.35,32.74,110159752,Apple
2021-12-28,84.14,84.59,83.63,84.34,39644182,Tesla
2021-12-29,32.79,32.93,32.66,32.82,92682809,Apple
2021-12-29,84.62,85.11,83.82,84.34,55461705,Tesla
2021-12-30,32.09,32.32,32.06,32.17,24886202,Apple
2021-12-30,82.45,82.83,82.01,82.48,52152369,Tesla
2021-12-31,32.32,32.65,32.17,32.35,107793077,Apple
2021-12-31,81.54,82.44,80.91,81.65,34691235,Tesla
2022-01-03,32.64,32.75,32.51,32.65,101009709,Apple
2022-01-03,81.97,82.02,81.76,81.79,99115899,Tesla
2022-01-04,32.89,33.07,32.6,32.92,110352831,Apple
2022-01-04,82.62,83.11,81.65,82.42,84810252,Tesla
2022-01-05,33.55,33.55,33.37,33.45,30315271,Apple
2022-01-05,81.13,81.9,81.06,81.21,64090140,Tesla
2022-01-06,33.89,33.92,33.54,33.87,37563002,Apple
2022-01-06,81.94,82.34,81.35,81.9,98153637,Tesla
2022-01-07,34.13,34.21,33.78,34.1,22427667,Apple
2022-01-07,82.95,82.95,82.81,82.92,112556282,Tesla
2022-01-10,34.11,34.12,33.98,34.07,25311154,Apple
2022-01-10,81.66,82.33,80.94,82.13,59203828,Tesla
2022-01-11,33.14,33.43,33.03,33.22,65983053,Apple
2022-01-11,84.32,84.83,83.89,84.55,29300940,Tesla
2022-01-12,33.5,33.65,33.13,33.43,26557734,Apple
2022-01-12,84.03,84.85,83.81,83.88,22181752,Tesla
2022-01-13,33.53,33.72,33.21,33.54,101618212,Apple
2022-01-13,82.48,83.37,81.97,82.62,62054355,Tesla
2022-01-14,33.72,33.78,33.53,33.67,54118321,Apple
2022-01-14,80.81,81.58,80.72,80.72,91191428,Tesla
2022-01-17,32.96,33.13,32.85,33.03,20277834,Apple
2022-01-17,82.25,82.92,81.56,82.2,58293139,Tesla
2022-01-18,32.39,32.71,32.22,32.49,86413671,Apple
2022-01-18,82.43,82.72,81.69,82.23,109740652,Tesla
2022-01-19,33.06,33.38,32.78,33.01,24730654,Apple
2022-01-19,81.42,82.38,81.24,81.64,103272717,Tesla
2022-01-20,33.01,33.03,32.9,32.99,49697658,Apple
2022-01-20,79.9,80.68,79.53,79.83,23887239,Tesla
2022-01-21,33.27,33.62,33.02,33.33,107780405,Apple
2022-01-21,79.36,79.65,79.35,79.37,37446191,Tesla
2022-01-24,33.28,33.53,33.26,33.34,63681707,Apple
2022-01-24,82.07,82.42,81.5,82.2,115041932,Tesla
2022-01-25,33.43,33.62,33.34,33.35,98784753,Apple
2022-01-25,79.43,79.99,79.18,79.56,30072142,Tesla
2022-01-26,33.74,33.99,33.61,33.82,23998585,Apple
2022-01-26,78.84,78.99,78.35,78.8,64082930,Tesla
2022-01-27,33.67,33.7,33.44,33.56,26900725,Apple
2022-01-27,81.03,81.05,80.15,80.92,87240917,Tesla
2022-01-28,33.55,33.64,33.44,33.61,53495357,Apple
2022-01-28,82.45,83.23,82.19,82.44,50602657,Tesla
2022-01-31,33.42,33.62,33.21,33.38,21732141,Apple
2022-01-31,81.75,82.51,80.92,81.73,25432561,Tesla
2022-02-01,33.14,33.27,33.03,33.16,49449015,Apple
2022-02-01,81.9,82.12,81.38,81.98,51937586,Tesla
2022-02-02,33.05,33.35,32.94,33.01,36072326,Apple
2022-02-02,82.48,82.89,82.28,82.55,108040167,Tesla
2022-02-03,33.08,33.25,32.98,33.12,113110232,Apple
2022-02-03,82.59,83.41,82.23,82.72,68578306,Tesla
2022-02-04,32.87,32.93,32.55,32.88,30627772,Apple
2022-02-04,84.84,85.49,84.22,84.93,97416831,Tesla
2022-02-07,33.5,33.74,33.36,33.5,70015226,Apple
2022-02-07,85.47,85.8,84.98,85.37,76500598,Tesla
2022-02-08,32.98,33.14,32.83,33.05,62229669,Apple
2022-02-08,86.94,87.59,86.76,86.82,25727961,Tesla
2022-02-09,33,33.18,32.77,32.96,35197601,Apple
2022-02-09,86.83,87.84,86.69,87.06,68746297,Tesla
2022-02-10,32.7,32.97,32.38,32.74,76466544,Apple
2022-02-10,84.25,85.18,83.58,84.4,25086588,Tesla
2022-02-11,33.43,33.75,33.35,33.45,85405995,Apple
2022-02-11,82.77,83.21,82.24,82.89,42890439,Tesla
2022-02-14,33.48,33.81,33.25,33.55,35487103,Apple
2022-02-14,81.66,81.81,81.19,81.67,30603376,Tesla
2022-02-15,33.89,34.3,33.65,34.07,55188893,Apple
2022-02-15,81.09,82.11,80.95,81.36,39092790,Tesla
2022-02-16,33.29,33.53,33.09,33.31,68492304,Apple
2022-02-16,83.75,83.98,83.05,83.9,56474230,Tesla
2022-02-17,33.6,33.92,33.41,33.44,65949754,Apple
2022-02-17,84.12,84.96,83.31,84.36,45354831,Tesla
2022-02-18,33.94,34.04,33.66,33.89,97512073,Apple
2022-02-18,84.29,84.41,84.19,84.22,22839593,Tesla
2022-02-21,33.93,33.93,33.91,33.93,97313890,Apple
2022-02-21,85.78,86.12,85.71,85.79,52655881,Tesla
2022-02-22,34.45,34.56,34.25,34.47,83672831,Apple
2022-02-22,83.84,84.26,83.1,83.92,92158008,Tesla
2022-02-23,34.21,34.28,33.95,34.2,55301420,Apple
2022-02-23,83.12,83.43,82.45,83.3,113394213,Tesla
2022-02-24,34.96,35.2,34.85,34.93,49510763,Apple
2022-02-24,82.43,83.27,81.92,82.51,42245973,Tesla
2022-02-25,36.05,36.36,35.74,36.13,75228634,Apple
2022-02-25,82.9,83,82.12,83,52424048,Tesla
2022-02-28,36.01,36.23,35.92,35.93,54574778,Apple
2022-02-28,84.39,85.14,83.57,84.11,118193084,Tesla
2022-03-01,35.75,35.75,35.39,35.69,68951101,Apple
2022-03-01,84.88,85.63,84.52,84.71,88170863,Tesla
2022-03-02,36.52,36.79,36.3,36.47,59078064,Apple
2022-03-02,85.21,85.6,84.59,85.33,114672046,Tesla
2022-03-03,37.37,37.49,37.26,37.34,90228195,Apple
2022-03-03,84.89,85.49,84.32,84.86,73126965,Tesla
2022-03-04,37.05,37.29,36.99,37.04,52442046,Apple
2022-03-04,85.43,85.65,84.43,85.27,57745965,Tesla
2022-03-07,36.86,37.06,36.46,36.81,27301078,Apple
2022-03-07,84.08,84.84,83.9,84.2,91043011,Tesla
2022-03-08,36.7,36.82,36.63,36.65,24003487,Apple
2022-03-08,84.81,85.53,84.3,85.05,62006019,Tesla
2022-03-09,35.89,35.96,35.82,35.92,68947081,Apple
2022-03-09,84.11,84.67,83.45,84.41,109952989,Tesla
2022-03-10,35.38,35.45,35.26,35.42,69750282,Apple
2022-03-10,83.2,83.54,82.71,82.99,110261441,Tesla
2022-03-11,34.89,35.18,34.67,34.89,116721765,Apple
2022-03-11,83.01,83.61,82.69,83.04,106047037,Tesla
2022-03-14,34.59,34.91,34.3,34.49,85291077,Apple
2022-03-14,80.7,81.43,79.94,80.66,74645731,Tesla
2022-03-15,34.38,34.69,34.34,34.47,20834938,Apple
2022-03-15,82.35,82.55,82.01,82.44,88630740,Tesla
2022-03-16,34.49,34.62,34.39,34.59,87916264,Apple
2022-03-16,83.21,83.9,82.69,83.43,117050747,Tesla
2022-03-17,35.4,35.55,35.31,35.39,99064353,Apple
2022-03-17,83.67,84.06,82.92,83.85,114862975,Tesla
2022-03-18,34.87,35.12,34.79,34.86,36184291,Apple
2022-03-18,81.59,82.46,81.41,81.8,112638292,Tesla
2022-03-21,35.39,35.67,35.23,35.38,93580900,Apple
2022-03-21,81.08,81.14,80.15,80.95,68723459,Tesla
2022-03-22,35.28,35.32,35.02,35.26,57921639,Apple
2022-03-22,81.24,81.8,80.43,80.99,58480960,Tesla
2022-03-23,35.22,35.24,35.15,35.24,28043732,Apple
2022-03-23,80.68,80.82,80.28,80.68,20396605,Tesla
2022-03-24,35.7,35.95,35.46,35.59,57851687,Apple
2022-03-24,78.39,79.1,78.06,78.63,42138201,Tesla
2022-03-25,34.88,35.12,34.75,35,40926786,Apple
2022-03-25,77.16,77.8,76.34,77.08,61018999,Tesla
2022-03-28,35.14,35.29,34.79,35.2,79026001,Apple
2022-03-28,76.95,77.53,76.59,76.75,63584385,Tesla
2022-03-29,35.28,35.29,34.94,35.28,88888756,Apple
2022-03-29,75.42,75.99,75.04,75.27,24793480,Tesla
2022-03-30,35.43,35.74,35.14,35.54,63151442,Apple
2022-03-30,76.82,77.22,76.58,76.82,66737654,Tesla
2022-03-31,35.69,36,35.6,35.7,27252270,Apple
2022-03-31,77.36,78.08,77.13,77.39,74069292,Tesla
2022-04-01,37.14,37.49,36.99,37.01,51527173,Apple
2022-04-01,76.45,76.91,76.1,76.46,77330321,Tesla
2022-04-04,36.66,36.87,36.54,36.66,100040719,Apple
2022-04-04,77.99,78.71,77.03,77.8,36710511,Tesla
2022-04-05,36.38,36.57,36.27,36.37,116982215,Apple
2022-04-05,79.05,79.48,78.23,78.93,95215818,Tesla
2022-04-06,35.94,36.06,35.75,36.03,99477999,Apple
2022-04-06,79.21,79.67,78.95,79.27,58274136,Tesla
2022-04-07,35.68,35.92,35.41,35.73,75849873,Apple
2022-04-07,79.16,79.4,78.83,79.23,112179161,Tesla
2022-04-08,35.36,35.52,35.06,35.39,56975535,Apple
2022-04-08,78.79,79.3,78.27,78.87,62433532,Tesla
2022-04-11,35.99,36.24,35.69,36.02,97833510,Apple
2022-04-11,78.07,78.34,78.05,78.23,36210873,Tesla
2022-04-12,36.88,37.02,36.65,36.78,51892991,Apple
2022-04-12,76.87,77.54,76.03,76.66,32369123,Tesla
2022-04-13,36.51,36.6,36.22,36.47,63133323,Apple
2022-04-13,78.3,78.95,77.61,78.42,91378729,Tesla
2022-04-14,35.93,36.05,35.82,36.01,34165740,Apple
2022-04-14,77.88,78.66,77.14,77.81,103002658,Tesla
2022-04-15,36.29,36.4,36.25,36.27,95918473,Apple
2022-04-15,77.74,77.91,77.45,77.84,58391205,Tesla
2022-04-18,36,36.04,35.72,35.97,99393606,Apple
2022-04-18,76.71,76.96,76.35,76.78,83319080,Tesla
2022-04-19,36.39,36.46,36.31,36.31,39612525,Apple
2022-04-19,76.46,77.15,76.45,76.48,78776881,Tesla
2022-04-20,36.54,36.9,36.27,36.42,103577654,Apple
2022-04-20,79.84,80.15,79.43,79.75,104876135,Tesla
2022-04-21,35.52,35.75,35.4,35.59,78732592,Apple
2022-04-21,78.84,79.25,78.48,78.88,113709767,Tesla
2022-04-22,36.36,36.61,36.11,36.42,46635028,Apple
2022-04-22,80.41,81.29,79.68,80.6,119889452,Tesla
2022-04-25,37.31,37.73,37.02,37.4,44199460,Apple
2022-04-25,80.57,80.99,79.84,80.56,62488295,Tesla
2022-04-26,37.04,37.42,36.93,37.06,90067827,Apple
2022-04-26,81.26,81.54,80.47,81.38,51849577,Tesla
2022-04-27,36.87,37.09,36.54,36.84,41819702,Apple
2022-04-27,83.16,83.9,82.17,82.9,102793872,Tesla
2022-04-28,37.07,37.37,36.89,37,106865798,Apple
2022-04-28,83.2,83.27,83.19,83.24,64753900,Tesla
2022-04-29,37.18,37.31,37.01,37.18,33011582,Apple
2022-04-29,82.69,83.54,82.16,82.8,99585756,Tesla
2022-05-02,37.53,37.67,37.25,37.55,78734685,Apple
2022-05-02,82.9,82.94,82.51,82.57,25979212,Tesla
2022-05-03,38.69,38.85,38.41,38.68,79853126,Apple
2022-05-03,82.5,83.05,82.16,82.38,74220087,Tesla
2022-05-04,38.52,38.84,38.14,38.58,95434208,Apple
2022-05-04,84.53,84.75,84.05,84.69,84416552,Tesla
2022-05-05,38.28,38.54,38.03,38.12,82866374,Apple
2022-05-05,82.67,83.39,82.09,82.8,96236457,Tesla
2022-05-06,37.21,37.45,36.96,37.33,44494969,Apple
2022-05-06,80.68,80.71,80.07,80.6,75002308,Tesla
2022-05-09,36.93,36.98,36.7,36.92,62817546,Apple
2022-05-09,78.55,79.21,78.5,78.54,107427530,Tesla
2022-05-10,37.05,37.29,36.56,36.9,40254024,Apple
2022-05-10,77.63,77.99,77.41,77.49,59944008,Tesla
2022-05-11,37.9,37.94,37.84,37.9,115632395,Apple
2022-05-11,78.2,78.38,78.1,78.3,76250597,Tesla
2022-05-12,37.59,37.82,37.3,37.6,29232418,Apple
2022-05-12,79.31,79.87,79.12,79.2,119465223,Tesla
2022-05-13,37.7,37.99,37.49,37.73,43694787,Apple
2022-05-13,78.12,78.86,77.98,78.47,86251947,Tesla
2022-05-16,37.7,37.98,37.6,37.72,112227299,Apple
2022-05-16,78.42,78.59,77.88,78.44,32642233,Tesla
2022-05-17,38.5,38.79,38.21,38.39,58177208,Apple
2022-05-17,77.03,77.14,76.39,77.13,69517927,Tesla
2022-05-18,39.67,40.19,39.54,39.85,66237206,Apple
2022-05-18,75.87,76.26,75.56,75.94,57358610,Tesla
2022-05-19,39.65,39.85,39.3,39.53,41992018,Apple
2022-05-19,76.59,76.67,76.06,76.6,80266849,Tesla
2022-05-20,39.13,39.52,38.78,39.24,92665316,Apple
2022-05-20,77.99,78.06,77.65,77.81,63312991,Tesla
2022-05-23,39.83,40.1,39.6,39.85,110550182,Apple
2022-05-23,77.07,77.46,76.32,77.25,63799600,Tesla
2022-05-24,40.23,40.34,39.97,40.26,102219351,Apple
2022-05-24,78.8,79.65,78.52,79.15,107243107,Tesla
2022-05-25,41.42,41.43,41.16,41.38,26865999,Apple
2022-05-25,80.13,80.72,79.45,80.29,27314257,Tesla
2022-05-26,41.6,41.86,41.58,41.74,27562635,Apple
2022-05-26,82.38,82.43,81.43,82.21,66040013,Tesla
2022-05-27,41.55,41.74,41.42,41.51,96588486,Apple
2022-05-27,81.57,82.63,80.86,81.84,61066561,Tesla
2022-05-30,42.05,42.31,41.67,41.88,56417182,Apple
2022-05-30,83.61,84.45,83.55,83.71,66536652,Tesla
2022-05-31,42.46,42.94,42.33,42.58,66922716,Apple
2022-05-31,86.59,86.81,85.88,86.44,64969780,Tesla
2022-06-01,43.12,43.2,43.02,43.1,80781695,Apple
2022-06-01,85.9,86.01,85.79,85.91,102641203,Tesla
2022-06-02,43.37,43.48,43.15,43.43,43862973,Apple
2022-06-02,85.9,86.71,85.7,85.71,57154128,Tesla
2022-06-03,44.16,44.59,43.98,44.12,26785932,Apple
2022-06-03,84.15,84.88,84.1,84.49,107363230,Tesla
2022-06-06,44.9,44.95,44.78,44.9,56132737,Apple
2022-06-06,82.99,83.3,82.23,83.04,48025614,Tesla
2022-06-07,45.77,46.05,45.56,45.83,114135654,Apple
2022-06-07,81.85,82.25,80.89,81.63,45260152,Tesla
2022-06-08,46.32,46.59,46.21,46.27,71587598,Apple
2022-06-08,80.45,81.26,80.27,80.64,105852925,Tesla
2022-06-09,46.33,46.58,45.73,46.16,45054520,Apple
2022-06-09,81.14,81.27,80.52,80.97,38476435,Tesla
2022-06-10,46.24,46.3,45.84,46.26,99324705,Apple
2022-06-10,80,80.65,79.23,80.03,71618564,Tesla
2022-06-13,47.17,47.19,46.76,47.1,49697894,Apple
2022-06-13,80.4,81,79.93,80.33,62004241,Tesla
2022-06-14,46.4,46.57,46.35,46.52,29939139,Apple
2022-06-14,80.85,81.29,80.33,80.65,89122143,Tesla
2022-06-15,46.69,47.05,46.33,46.78,32664860,Apple
2022-06-15,80.15,80.84,79.69,80.08,67590513,Tesla
2022-06-16,46.55,46.8,46.13,46.5,68489153,Apple
2022-06-16,79.91,80.11,79.28,80,51831002,Tesla
2022-06-17,46.66,46.77,46.16,46.52,115708156,Apple
2022-06-17,79.46,79.93,78.99,79.37,62678233,Tesla
2022-06-20,47.45,47.75,47.36,47.41,105501350,Apple
2022-06-20,78.89,79.35,78.28,79,47664228,Tesla
2022-06-21,47.52,47.94,47.21,47.55,37866316,Apple
2022-06-21,78.08,78.41,77.7,78.04,73330459,Tesla
2022-06-22,47.58,47.6,47.19,47.58,26445860,Apple
2022-06-22,77.94,78.34,77.75,78.14,23919059,Tesla
2022-06-23,46.5,46.84,46.23,46.61,67332756,Apple
2022-06-23,77.44,77.73,77.18,77.43,44810051,Tesla
2022-06-24,47.19,47.52,46.83,47.13,91784059,Apple
2022-06-24,76.26,76.34,76.02,76.08,109523839,Tesla
2022-06-27,47.67,47.79,47.37,47.59,117685010,Apple
2022-06-27,76.71,76.95,76.33,76.76,54418428,Tesla
2022-06-28,49.09,49.29,48.83,49.13,95240390,Apple
2022-06-28,77.65,77.86,77.36,77.48,100694639,Tesla
2022-06-29,48.86,49.21,48.85,48.91,112843621,Apple
2022-06-29,79.26,79.83,78.13,78.77,29583333,Tesla
2022-06-30,49.09,49.54,48.76,49.07,87493767,Apple
2022-06-30,77.56,77.6,77.23,77.56,31198969,Tesla
2022-07-01,49.21,49.65,49.17,49.25,82789860,Apple
2022-07-01,77.1,77.6,76.41,77,33913263,Tesla
2022-07-04,50.41,50.71,50.19,50.42,79501864,Apple
2022-07-04,77.34,77.51,76.53,77.27,53213868,Tesla
2022-07-05,50.56,50.93,50.2,50.35,113440714,Apple
2022-07-05,76.72,76.78,76.03,76.69,58568668,Tesla
2022-07-06,50.53,50.74,50.26,50.56,105654487,Apple
2022-07-06,77.46,77.7,76.61,77.34,45578937,Tesla
2022-07-07,50.98,51.34,50.91,51.02,78437573,Apple
2022-07-07,77.88,78.1,77.44,77.92,39829249,Tesla
2022-07-08,51.09,51.4,50.74,51.16,59076412,Apple
2022-07-08,78.38,78.91,78.25,78.48,95443070,Tesla
2022-07-11,50.89,50.99,50.41,50.82,27249433,Apple
2022-07-11,79.95,80.49,79.21,80.2,77325744,Tesla
2022-07-12,50.95,51.32,50.86,50.97,75457350,Apple
2022-07-12,80.92,81.76,80.22,80.97,107657735,Tesla
2022-07-13,51.72,52.07,51.67,51.79,101768440,Apple
2022-07-13,81.31,82.09,80.46,81.16,79620537,Tesla
2022-07-14,51.12,51.31,50.91,50.99,21540710,Apple
2022-07-14,80.77,81.28,80.21,80.93,40034062,Tesla
2022-07-15,51.24,51.7,50.64,51.09,76115525,Apple
2022-07-15,80.81,81.46,80.27,80.77,119053846,Tesla
2022-07-18,50.49,50.56,50.23,50.55,77003676,Apple
2022-07-18,79.47,79.5,79.45,79.49,25049025,Tesla
2022-07-19,51.27,51.62,51.03,51.46,116387430,Apple
2022-07-19,77.28,77.8,76.71,77.38,22653381,Tesla
2022-07-20,50.39,50.41,50.23,50.28,76792850,Apple
2022-07-20,77.63,78.5,77.56,77.92,60600924,Tesla
2022-07-21,49.79,50.25,49.47,49.86,24294329,Apple
2022-07-21,79.56,79.74,79.14,79.35,32728218,Tesla
2022-07-22,50.22,50.58,49.71,50.15,27750981,Apple
2022-07-22,79.04,79.09,78.52,78.96,80368292,Tesla
2022-07-25,51.12,51.49,50.7,51.32,99881819,Apple
2022-07-25,81.27,81.39,80.47,80.84,119618096,Tesla
2022-07-26,51.36,51.71,50.95,51.27,101697565,Apple
2022-07-26,80.8,81.15,80.61,80.62,111519039,Tesla
2022-07-27,50.72,51.05,50.68,50.85,65154248,Apple
2022-07-27,78.47,78.87,77.61,78.26,39179537,Tesla
2022-07-28,52.36,52.75,52.22,52.28,58063840,Apple
2022-07-28,79.06,79.64,78.36,79.34,28929343,Tesla
2022-07-29,51.15,51.38,51.12,51.14,87543232,Apple
2022-07-29,78.49,79.11,77.95,78.77,82082921,Tesla
2022-08-01,49.36,49.66,49.24,49.46,31954802,Apple
2022-08-01,79.96,80.34,79.53,79.96,92892745,Tesla
2022-08-02,49.74,50.25,49.68,49.78,114195461,Apple
2022-08-02,78.25,79.03,77.49,78.43,56358059,Tesla
2022-08-03,49.48,49.6,49.28,49.41,103479057,Apple
2022-08-03,78.8,78.99,78.71,78.91,92305680,Tesla
2022-08-04,48.66,48.72,48.46,48.65,39611739,Apple
2022-08-04,78.36,78.96,77.39,77.96,78438963,Tesla
2022-08-05,49.23,49.51,48.71,49.17,21167498,Apple
2022-08-05,78.38,78.92,78.1,78.2,27213499,Tesla
2022-08-08,49.54,50.02,49.05,49.35,112791264,Apple
2022-08-08,78.95,79.68,78.65,79.1,77035177,Tesla
2022-08-09,48.78,49.12,48.37,48.93,40568512,Apple
2022-08-09,79.35,80.32,78.89,79.73,28230362,Tesla
2022-08-10,48.15,48.18,47.65,47.99,113762892,Apple
2022-08-10,79.65,80.19,79.06,79.81,95371764,Tesla
2022-08-11,48.63,48.79,48.56,48.62,84269156,Apple
2022-08-11,78.08,78.33,78.07,78.16,84160193,Tesla
2022-08-12,49.01,49.34,48.64,49.09,119447123,Apple
2022-08-12,78.97,79.44,78.76,79.02,25695265,Tesla
2022-08-15,48.89,49.1,48.76,49.02,77352128,Apple
2022-08-15,80.04,81.01,79.61,80.24,115506782,Tesla
2022-08-16,50.36,50.71,50.04,50.38,56488243,Apple
2022-08-16,79.17,79.63,78.57,78.99,96698198,Tesla
2022-08-17,49.66,50.16,49.4,49.57,57387970,Apple
2022-08-17,77.82,77.93,77.32,77.93,73216101,Tesla
2022-08-18,48.42,48.65,47.94,48.44,67270353,Apple
2022-08-18,79.28,79.33,78.94,79.18,116442303,Tesla
2022-08-19,48.08,48.25,47.81,47.93,37015582,Apple
2022-08-19,78.94,79.73,78.51,78.93,80093600,Tesla
2022-08-22,47.76,48.09,47.63,47.9,116793050,Apple
2022-08-22,78.05,78.11,77.76,77.9,22268299,Tesla
2022-08-23,48.07,48.13,47.63,48.08,117581456,Apple
2022-08-23,78.18,78.26,78.04,78.22,42548043,Tesla
2022-08-24,47.78,48.32,47.77,47.9,113140406,Apple
2022-08-24,77.33,77.75,76.88,77.47,107461394,Tesla
2022-08-25,48.19,48.39,47.82,48.15,26877037,Apple
2022-08-25,77.57,78.41,77.03,77.66,104779400,Tesla
2022-08-26,47.33,47.52,46.91,47.25,41185116,Apple
2022-08-26,77.09,77.42,77,77.18,95031369,Tesla
2022-08-29,48.23,48.59,47.83,48.27,28457123,Apple
2022-08-29,77.12,77.43,76.7,76.8,107673232,Tesla
2022-08-30,47.96,48.43,47.5,48.21,95914212,Apple
2022-08-30,78.09,78.59,77.64,78.08,72901937,Tesla
2022-08-31,49.04,49.36,48.54,49.02,47532185,Apple
2022-08-31,75.19,75.21,74.98,75.19,82715174,Tesla
2022-09-01,49.32,49.35,49.24,49.27,111919156,Apple
2022-09-01,75.95,76.63,75.52,75.81,70322856,Tesla
2022-09-02,49.65,50.06,49.2,49.61,67350357,Apple
2022-09-02,76.89,77.29,76.58,76.89,51148937,Tesla
2022-09-05,50.16,50.63,49.71,50.04,80614140,Apple
2022-09-05,76.34,76.7,76.03,76.17,39010571,Tesla
2022-09-06,50.26,50.7,49.94,50.37,82002678,Apple
2022-09-06,77.18,77.91,77.18,77.24,102969934,Tesla
2022-09-07,50.93,51.41,50.79,50.86,106853461,Apple
2022-09-07,76.06,76.86,75.41,76.13,31101198,Tesla
2022-09-08,51.99,52.07,51.53,51.87,30448643,Apple
2022-09-08,75.23,75.7,74.69,75.38,88608027,Tesla
2022-09-09,51.84,52.27,51.33,52.02,73446307,Apple
2022-09-09,74.78,74.91,73.99,74.5,113012355,Tesla
2022-09-12,52.61,52.93,52.1,52.58,46829829,Apple
2022-09-12,75.55,76.18,75.14,75.56,27225206,Tesla
2022-09-13,52.45,52.81,52.22,52.51,60858099,Apple
2022-09-13,73.41,73.88,72.9,73.59,113602624,Tesla
2022-09-14,53.63,53.86,53.61,53.64,118522772,Apple
2022-09-14,75.43,76.13,74.69,75.4,91082233,Tesla
2022-09-15,53.13,53.31,52.9,53.1,69231332,Apple
2022-09-15,74.95,75.76,74.46,75.05,32888043,Tesla
2022-09-16,54.48,54.6,54.03,54.53,80127832,Apple
2022-09-16,75.68,75.83,75.48,75.74,24826616,Tesla
2022-09-19,54.42,54.71,54.04,54.5,99519398,Apple
2022-09-19,76.39,77.12,75.91,76.34,48201057,Tesla
2022-09-20,53.33,53.42,53.08,53.33,45188819,Apple
2022-09-20,76.75,77.03,76.18,76.52,96064080,Tesla
2022-09-21,53.31,53.82,53.29,53.43,83793312,Apple
2022-09-21,75.84,76.33,75.41,75.83,53551398,Tesla
2022-09-22,52.77,53,52.54,52.88,88761869,Apple
2022-09-22,77.13,77.27,76.73,77.24,108353829,Tesla
2022-09-23,53.62,53.66,53.3,53.55,76575031,Apple
2022-09-23,76.57,77.33,75.91,76.64,66360754,Tesla
2022-09-26,52.91,53.32,52.41,53.03,46878179,Apple
2022-09-26,75.9,76.39,75.31,75.8,80031867,Tesla
2022-09-27,52.74,53.06,52.34,52.67,70772816,Apple
2022-09-27,76.5,77.3,76.36,76.8,72741401,Tesla
2022-09-28,51.23,51.67,51.02,51.18,86052244,Apple
2022-09-28,76.81,77.66,76.76,76.97,47710627,Tesla
2022-09-29,50.66,51.13,50.39,50.83,45855021,Apple
2022-09-29,78.57,78.97,78.2,78.54,45448900,Tesla
2022-09-30,48.92,49.15,48.89,48.98,102908303,Apple
2022-09-30,78.2,78.79,78.18,78.46,72695136,Tesla
2022-10-03,47.93,48.32,47.36,47.82,76278765,Apple
2022-10-03,77.65,78.37,77.4,77.7,87911424,Tesla
2022-10-04,48.27,48.63,48.1,48.37,79219727,Apple
2022-10-04,77.94,78.6,77.66,78.02,97617460,Tesla
2022-10-05,48.89,48.97,48.66,48.94,108835411,Apple
2022-10-05,77.63,78.37,77.2,77.49,67472901,Tesla
2022-10-06,49.29,49.57,49.07,49.25,25280156,Apple
2022-10-06,76.73,77.49,75.98,76.77,58390052,Tesla
2022-10-07,48.61,49.05,48.2,48.53,103034631,Apple
2022-10-07,77.91,78.21,77.49,77.73,114226177,Tesla
2022-10-10,48.47,48.69,48.15,48.5,47579735,Apple
2022-10-10,79.88,80.23,79.65,79.86,52368888,Tesla
2022-10-11,48.44,48.64,48.09,48.5,33072770,Apple
2022-10-11,79.85,80.06,79.47,79.57,85136884,Tesla
2022-10-12,47.79,47.86,47.53,47.65,48814808,Apple
2022-10-12,78.19,78.92,77.79,78.41,67470842,Tesla
2022-10-13,48.9,48.97,48.57,48.73,45176338,Apple
2022-10-13,78.48,78.76,78.11,78.23,115463546,Tesla
2022-10-14,49.47,49.68,49.31,49.37,38921824,Apple
2022-10-14,78.76,79.45,78.28,78.83,83193412,Tesla
2022-10-17,49.21,49.51,48.88,49.21,47270209,Apple
2022-10-17,79.37,79.46,79.01,79.13,37146841,Tesla
2022-10-18,49.15,49.27,49.13,49.23,109392206,Apple
2022-10-18,80.74,80.84,80.09,80.55,54758312,Tesla
2022-10-19,49.3,49.84,49,49.38,27818441,Apple
2022-10-19,80.89,81.52,80.22,81.36,40111282,Tesla
2022-10-20,47.92,48.28,47.45,47.87,75422929,Apple
2022-10-20,80.09,80.15,79.97,80.01,36183052,Tesla
2022-10-21,47.73,48.01,47.27,47.69,20628373,Apple
2022-10-21,79.58,80.07,79.08,79.42,25924555,Tesla
2022-10-24,47.33,47.73,46.99,47.2,37410605,Apple
2022-10-24,77.98,78.09,77.41,77.77,70603844,Tesla
2022-10-25,46.55,46.59,46.28,46.49,28379482,Apple
2022-10-25,78.92,79.23,78.3,79.11,30699587,Tesla
2022-10-26,46.16,46.52,46.12,46.3,21157260,Apple
2022-10-26,76.83,76.85,76.38,76.74,58483441,Tesla
2022-10-27,47.65,47.95,47.23,47.55,96872992,Apple
2022-10-27,75.3,75.88,74.84,75.27,87265908,Tesla
2022-10-28,47.91,48.4,47.51,48,44639364,Apple
2022-10-28,74.75,75.36,74.1,74.69,109757961,Tesla
2022-10-31,47.55,47.96,47.44,47.59,35299289,Apple
2022-10-31,75.47,75.59,74.9,75.32,31789964,Tesla
2022-11-01,48.02,48.16,47.8,48,59786906,Apple
2022-11-01,74.9,75.46,74.46,74.73,96493035,Tesla
2022-11-02,49.2,49.67,48.6,49.01,73686648,Apple
2022-11-02,74.22,74.64,74.16,74.32,95075801,Tesla
2022-11-03,50,50.06,49.25,49.69,90690175,Apple
2022-11-03,73.98,74.15,73.4,73.94,73499406,Tesla
2022-11-04,49.79,50.23,49.61,49.73,110044237,Apple
2022-11-04,74.13,74.59,73.48,74.13,89115320,Tesla
2022-11-07,49.23,49.73,48.96,49.25,107669911,Apple
2022-11-07,72.74,72.9,72.03,72.77,80798357,Tesla
2022-11-08,49.82,49.91,49.67,49.77,52726850,Apple
2022-11-08,71.72,72.28,71.05,71.74,90344423,Tesla
2022-11-09,50.15,50.51,50.01,50.06,58736622,Apple
2022-11-09,73.57,73.61,72.96,73.55,61890380,Tesla
2022-11-10,50.7,50.75,50.24,50.73,116596594,Apple
2022-11-10,73.9,74.7,73.43,73.99,108572820,Tesla
2022-11-11,51.4,51.61,50.79,51.21,65739326,Apple
2022-11-11,74.97,75.02,74.25,74.83,83657428,Tesla
2022-11-14,52.04,52.31,51.63,52.02,80681584,Apple
2022-11-14,75.09,75.52,74.58,74.9,90149013,Tesla
2022-11-15,51.65,51.95,51.58,51.6,85823714,Apple
2022-11-15,74.62,75.42,74.18,74.74,83513709,Tesla
2022-11-16,52.69,53.19,52.18,52.62,115843887,Apple
2022-11-16,75.45,75.46,74.99,75.25,116328032,Tesla
2022-11-17,52.82,53.18,52.55,52.78,32079806,Apple
2022-11-17,75.95,76.45,75.7,76.08,75953196,Tesla
2022-11-18,54.51,54.78,54.24,54.42,28582299,Apple
2022-11-18,77.18,77.45,76.46,77.04,116847962,Tesla
2022-11-21,53.79,54.3,53.5,53.86,102067115,Apple
2022-11-21,77.1,77.54,76.55,76.89,118340775,Tesla
2022-11-22,55.2,55.79,55.15,55.26,82304732,Apple
2022-11-22,77.98,78.17,77.82,78,80116885,Tesla
2022-11-23,55.3,55.44,54.89,55.43,101985936,Apple
2022-11-23,74.99,75.16,74.84,75.11,70105757,Tesla
2022-11-24,54.93,55.47,54.56,54.88,58030119,Apple
2022-11-24,76.03,76.59,75.37,76.12,102006717,Tesla
2022-11-25,54.57,54.62,54.38,54.49,29578672,Apple
2022-11-25,75.68,76,75.12,75.63,101316524,Tesla
2022-11-28,54.27,54.72,54.12,54.22,103496276,Apple
2022-11-28,76.56,77.03,75.84,76.26,33622818,Tesla
2022-11-29,54.75,54.9,54.47,54.57,31354168,Apple
2022-11-29,75.26,75.67,74.96,75.51,66213841,Tesla
2022-11-30,55,55.07,54.96,55,49908822,Apple
2022-11-30,74.03,74.28,73.69,74.01,104061828,Tesla
2022-12-01,54.6,54.84,54.2,54.52,115684435,Apple
2022-12-01,74.38,74.81,74.33,74.39,48544282,Tesla
2022-12-02,54.38,54.85,53.93,54.5,106478520,Apple
2022-12-02,72.65,73.14,72.32,72.71,28742392,Tesla
2022-12-05,56.21,56.47,56.2,56.25,45645793,Apple
2022-12-05,72.27,72.55,71.69,72.28,41181637,Tesla
2022-12-06,57.79,57.82,57.68,57.71,118775241,Apple
2022-12-06,71.32,71.6,71.04,71.4,54610109,Tesla
2022-12-07,58.19,58.54,57.76,58.09,56046153,Apple
2022-12-07,71.39,71.58,70.94,71.21,55976223,Tesla
2022-12-08,58.09,58.65,57.61,58.12,37459562,Apple
2022-12-08,72.25,72.38,72.05,72.06,57098119,Tesla
2022-12-09,58.22,58.45,58.03,58.23,46170235,Apple
2022-12-09,71.54,71.78,71.2,71.53,77156343,Tesla
2022-12-12,58.59,58.89,58.38,58.76,44091077,Apple
2022-12-12,71.85,72.01,71.83,71.87,23808102,Tesla
2022-12-13,57.82,58.12,57.48,57.86,22931659,Apple
2022-12-13,72.59,73.13,72.18,72.67,74037844,Tesla
2022-12-14,57.74,57.77,57.48,57.64,53753974,Apple
2022-12-14,72.02,72.43,71.64,72,42863505,Tesla
2022-12-15,56.26,56.72,56.18,56.2,80540089,Apple
2022-12-15,71.63,71.9,70.76,71.36,78967373,Tesla
2022-12-16,56.59,57.06,56.12,56.53,70227448,Apple
2022-12-16,72.81,73.07,72.39,72.83,97785230,Tesla
2022-12-19,57.09,57.42,56.72,57.08,41864581,Apple
2022-12-19,72.62,72.92,72.39,72.74,101327849,Tesla
2022-12-20,56.67,56.87,56.34,56.67,91192896,Apple
2022-12-20,73.24,73.69,72.86,73.3,99416729,Tesla
2022-12-21,57.93,58.47,57.5,58.01,54777477,Apple
2022-12-21,73.96,74.64,73.33,73.85,23842996,Tesla
2022-12-22,57.02,57.34,56.55,56.94,61849877,Apple
2022-12-22,72.42,73.02,72.35,72.52,116991275,Tesla
2022-12-23,55.74,56.2,55.57,55.69,48070760,Apple
2022-12-23,71.69,72.23,71.24,71.69,34002207,Tesla
2022-12-26,55.93,56.28,55.68,55.88,72268631,Apple
2022-12-26,72.17,72.77,71.44,72.1,35517414,Tesla
2022-12-27,56.69,57.2,56.62,56.75,90663246,Apple
2022-12-27,69.77,70.11,69.56,69.86,30362907,Tesla
2022-12-28,57.94,58.54,57.86,58.19,27297881,Apple
2022-12-28,69.4,69.68,68.96,69.64,35866875,Tesla
2022-12-29,57.91,58.15,57.4,57.79,77454535,Apple
2022-12-29,68.59,69.17,68.03,68.74,98776742,Tesla
2022-12-30,58.67,59.28,58.16,58.72,48854322,Apple
2022-12-30,69.76,70.01,69.41,69.88,87518623,Tesla
2023-01-02,58.59,59.01,58.02,58.69,103671215,Apple
2023-01-02,70.21,70.64,69.71,70.25,81985998,Tesla
2023-01-03,58.62,58.97,58.17,58.54,20499964,Apple
2023-01-03,71.51,72.04,71.28,71.5,33275153,Tesla
2023-01-04,59.27,59.44,59.16,59.31,90106357,Apple
2023-01-04,71.58,72.14,71.24,71.46,107372902,Tesla
2023-01-05,60.02,60.39,59.83,59.89,61133161,Apple
2023-01-05,71.16,71.55,70.69,71.34,95505221,Tesla
2023-01-06,58.55,58.88,58,58.48,93747648,Apple
2023-01-06,71.11,71.47,70.51,71.01,102599542,Tesla
2023-01-09,59.85,59.96,59.43,59.77,45171259,Apple
2023-01-09,70.42,70.91,69.76,70.47,72768394,Tesla
2023-01-10,60.84,61.04,60.47,61.01,36916781,Apple
2023-01-10,73.05,73.91,72.89,73.31,99248031,Tesla
2023-01-11,60.58,60.95,59.96,60.44,86263587,Apple
2023-01-11,74.2,74.77,73.85,74.2,113695635,Tesla
2023-01-12,60.83,61.29,60.37,60.79,39720121,Apple
2023-01-12,73.21,73.93,72.83,73.01,66366560,Tesla
2023-01-13,61.2,61.57,60.69,61.25,56982693,Apple
2023-01-13,76.04,76.04,75.84,75.9,24608903,Tesla
2023-01-16,61.5,61.64,61.45,61.48,43100170,Apple
2023-01-16,75.43,75.77,75.13,75.44,49176562,Tesla
2023-01-17,60.76,61.38,60.31,60.98,28190219,Apple
2023-01-17,75.98,76.17,75.52,75.81,29450365,Tesla
2023-01-18,60.41,60.46,59.85,60.36,71659302,Apple
2023-01-18,76.9,77,76.67,76.87,94493794,Tesla
2023-01-19,60.22,60.61,60.04,60.34,22627014,Apple
2023-01-19,75.25,75.93,74.88,75.1,84940270,Tesla
2023-01-20,61.24,61.5,60.84,61.4,44772234,Apple
2023-01-20,73.92,74.91,73.66,74.17,32324173,Tesla
2023-01-23,61.71,62.02,61.52,61.9,42713635,Apple
2023-01-23,75.81,76.14,75.06,76,60335508,Tesla
2023-01-24,61.69,61.82,60.97,61.56,77542195,Apple
2023-01-24,75.86,75.89,75.15,75.75,26564462,Tesla
2023-01-25,62.19,62.51,62.17,62.27,97637406,Apple
2023-01-25,77.12,77.33,76.83,76.88,33817239,Tesla
2023-01-26,59.79,59.82,59.26,59.61,60867616,Apple
2023-01-26,76.42,77.06,75.69,76.36,99982608,Tesla
2023-01-27,60.57,60.88,60.47,60.64,64510632,Apple
2023-01-27,76.17,76.47,75.69,76.25,109701265,Tesla
2023-01-30,58.85,59.36,58.43,59.05,81739321,Apple
2023-01-30,78.16,78.34,77.46,78.29,54878091,Tesla
2023-01-31,58.6,59.02,58.5,58.73,49225143,Apple
2023-01-31,78.76,78.85,78.49,78.8,109092355,Tesla
2023-02-01,57.89,58.11,57.61,57.75,101232584,Apple
2023-02-01,78.59,78.92,78.03,78.4,89572312,Tesla
2023-02-02,56.61,57.1,56.33,56.63,22648191,Apple
2023-02-02,77.54,78.32,76.85,77.59,102090657,Tesla
2023-02-03,57.55,57.7,57.02,57.61,88457758,Apple
2023-02-03,77.07,77.29,76.69,76.9,41349979,Tesla
2023-02-06,57.23,57.52,57.09,57.21,45222396,Apple
2023-02-06,78.44,78.77,77.62,78.34,29412812,Tesla
2023-02-07,57.56,57.6,57.42,57.5,118365416,Apple
2023-02-07,79.51,79.59,78.58,79.24,22338299,Tesla
2023-02-08,57.59,57.63,57.03,57.46,23550985,Apple
2023-02-08,77.9,78.29,77.11,77.87,79118744,Tesla
2023-02-09,58.04,58.38,57.59,57.88,72845243,Apple
2023-02-09,77.97,78.52,77.71,77.97,111663462,Tesla
2023-02-10,57.9,58.27,57.37,57.94,112047745,Apple
2023-02-10,78.07,78.28,77.71,77.89,71535561,Tesla
2023-02-13,56.68,57.33,56.59,56.83,47299045,Apple
2023-02-13,78.12,78.5,77.86,78.26,30740503,Tesla
2023-02-14,57.63,58,57.26,57.68,54291982,Apple
2023-02-14,77.49,78.21,76.75,77.56,35383616,Tesla
2023-02-15,57.28,57.83,57.12,57.25,75338754,Apple
2023-02-15,78.57,78.84,78.31,78.83,32039284,Tesla
2023-02-16,55.8,55.94,55.72,55.91,55353386,Apple
2023-02-16,78.63,79.33,78.19,78.83,25602459,Tesla
2023-02-17,55.45,55.61,55.07,55.55,62725573,Apple
2023-02-17,79.58,79.89,78.95,79.27,61952337,Tesla
2023-02-20,56.84,56.87,56.47,56.8,104815170,Apple
2023-02-20,78.45,78.68,78.03,78.34,117581573,Tesla
2023-02-21,57.52,57.63,57.09,57.53,95885374,Apple
2023-02-21,77.26,77.99,77.11,77.48,39789633,Tesla
2023-02-22,57.23,57.54,57.05,57.23,38677518,Apple
2023-02-22,80.76,81.43,80.13,80.57,110367042,Tesla
2023-02-23,56.84,57.3,56.59,56.93,76178284,Apple
2023-02-23,82.62,83.2,81.92,82.74,72362477,Tesla
2023-02-24,56.63,56.68,56.4,56.65,44207963,Apple
2023-02-24,82.76,82.79,82.61,82.65,50803527,Tesla
2023-02-27,58.31,58.97,57.74,58.42,111296905,Apple
2023-02-27,84.66,85.05,83.8,84.55,33237854,Tesla
2023-02-28,58.86,59.35,58.58,58.75,28828325,Apple
2023-02-28,86.38,86.78,85.52,86.09,54793263,Tesla
2023-03-01,59.25,59.43,58.96,59.13,94036280,Apple
2023-03-01,85.19,85.75,84.67,85.29,79331538,Tesla
2023-03-02,59.82,60.09,59.61,60.05,85414705,Apple
2023-03-02,84.23,84.92,83.71,84.36,118622449,Tesla
2023-03-03,60.15,60.36,59.81,60.26,65110158,Apple
2023-03-03,84.75,85.22,84.49,85.2,111909445,Tesla
2023-03-06,59.85,60.1,59.7,60.03,111246481,Apple
2023-03-06,85.52,85.97,85.16,85.54,93613378,Tesla
2023-03-07,59.77,59.92,59.22,59.85,22241105,Apple
2023-03-07,85.14,85.64,84.34,85.02,95358016,Tesla
2023-03-08,59.78,60.1,59.62,59.79,54874739,Apple
2023-03-08,86.09,86.38,85.68,85.94,117743531,Tesla
2023-03-09,59.58,59.9,59.04,59.75,30710632,Apple
2023-03-09,84.29,84.85,83.69,84.08,115699346,Tesla
2023-03-10,60.29,60.62,60.23,60.4,114839383,Apple
2023-03-10,84.27,84.47,84.21,84.23,99732469,Tesla
2023-03-13,60.33,61.05,59.93,60.45,117362433,Apple
2023-03-13,82.74,83.01,82.05,82.66,20419794,Tesla
2023-03-14,61.14,61.56,60.56,61.12,108561511,Apple
2023-03-14,81.18,81.96,80.83,81.17,50324040,Tesla
2023-03-15,61.05,61.63,60.94,61.04,119047507,Apple
2023-03-15,80.42,80.7,79.88,80.3,73022790,Tesla
2023-03-16,61.03,61.2,60.43,61.11,70330593,Apple
2023-03-16,80.59,81.02,80.5,80.74,48658541,Tesla
2023-03-17,59.3,59.53,59.01,59.28,110940458,Apple
2023-03-17,79.7,80.4,78.91,79.92,67987428,Tesla
2023-03-20,60.03,60.43,59.46,60.1,25119641,Apple
2023-03-20,78.33,79.23,78.1,78.46,42825905,Tesla
2023-03-21,60.38,60.46,59.97,60.41,54650021,Apple
2023-03-21,79.06,79.84,78.52,79.03,86724926,Tesla
2023-03-22,61.52,61.52,61.13,61.31,33224541,Apple
2023-03-22,80.59,81.26,80.12,80.8,24652328,Tesla
2023-03-23,58.81,59.2,58.54,58.65,62857257,Apple
2023-03-23,81.47,81.57,80.83,81.57,54074868,Tesla
2023-03-24,60.33,60.87,60.15,60.49,65807748,Apple
2023-03-24,83.67,84.53,83.43,83.77,31043587,Tesla
2023-03-27,60.46,60.71,60.3,60.36,84109962,Apple
2023-03-27,85.68,86.17,84.9,85.55,23796568,Tesla
2023-03-28,61.46,61.76,61.28,61.36,62021153,Apple
2023-03-28,85.03,85.34,84.59,84.92,112265675,Tesla
2023-03-29,60.27,60.66,60.2,60.41,85501559,Apple
2023-03-29,85.74,86.45,85.37,85.73,34968453,Tesla
2023-03-30,61.06,61.08,60.7,60.96,38699008,Apple
2023-03-30,85.68,86.03,85.03,85.61,23036753,Tesla
2023-03-31,60.18,60.38,59.52,60,32750721,Apple
2023-03-31,87.05,87.08,86.29,86.97,30166247,Tesla
2023-04-03,59.3,59.54,59.22,59.44,76085716,Apple
2023-04-03,86.79,87.56,86.21,86.85,110549134,Tesla
2023-04-04,61.03,61.2,60.95,61.14,83200828,Apple
2023-04-04,85.73,86.29,84.96,85.82,112144767,Tesla
2023-04-05,61.09,61.68,60.58,60.97,99499734,Apple
2023-04-05,87.86,88.16,87.34,87.59,85688770,Tesla
2023-04-06,61.2,61.57,61.05,61.17,49159511,Apple
2023-04-06,87.57,88.23,86.78,88.01,51081665,Tesla
2023-04-07,62.03,62.49,61.91,61.97,64432707,Apple
2023-04-07,87,87.65,86.89,87.13,20700662,Tesla
2023-04-10,62.47,62.67,62.32,62.43,103754878,Apple
2023-04-10,86.45,86.66,85.88,86.48,44334184,Tesla
2023-04-11,62.62,62.86,61.99,62.57,103971475,Apple
2023-04-11,85.71,85.99,85.14,85.61,54217831,Tesla
2023-04-12,62.74,63.06,62.23,62.91,69145472,Apple
2023-04-12,84.52,85.06,83.91,84.33,24704250,Tesla
2023-04-13,65.31,65.38,64.95,65.18,42840605,Apple
2023-04-13,84.03,84.77,83.46,83.72,114181535,Tesla
2023-04-14,65.27,65.39,64.69,65.12,28061792,Apple
2023-04-14,84.18,84.64,83.75,84.19,118978413,Tesla
2023-04-17,65.29,65.84,64.94,65.32,111762455,Apple
2023-04-17,84.27,84.91,84.13,84.27,65467713,Tesla
2023-04-18,66.34,66.8,65.89,66.35,64641994,Apple
2023-04-18,83.78,84.42,83.41,83.72,108050593,Tesla
2023-04-19,67.24,67.82,66.78,67.45,23235863,Apple
2023-04-19,85.5,86.16,85.42,85.6,84835866,Tesla
2023-04-20,68.72,69.05,68.22,68.65,97892539,Apple
2023-04-20,82.82,83.22,82.34,83.01,106562933,Tesla
2023-04-21,69.39,70.03,69.12,69.31,48817246,Apple
2023-04-21,83.38,84.12,83.3,83.4,54144678,Tesla
2023-04-24,68.11,68.17,68.08,68.12,57937462,Apple
2023-04-24,83.34,83.7,83.08,83.22,68261093,Tesla
2023-04-25,69.94,70.14,69.47,69.79,84402892,Apple
2023-04-25,81.97,82.04,81.9,82.01,66755875,Tesla
2023-04-26,68.54,68.83,67.93,68.59,78934479,Apple
2023-04-26,82.52,82.72,82.14,82.45,55381778,Tesla
2023-04-27,68.98,69.52,68.51,68.9,57723927,Apple
2023-04-27,81.87,82.81,81.19,82.18,49343834,Tesla
2023-04-28,67.98,68.79,67.41,68.12,119462860,Apple
2023-04-28,83.72,83.78,82.96,83.72,43019219,Tesla
2023-05-01,68.05,68.22,67.37,68.05,33748887,Apple
2023-05-01,84.74,84.93,84.68,84.81,70648980,Tesla
2023-05-02,68.36,68.99,68.25,68.39,72327105,Apple
2023-05-02,87.01,87.84,86.46,87.23,102085782,Tesla
2023-05-03,68.75,69.32,68.24,68.72,67366565,Apple
2023-05-03,86.72,87.49,86.01,86.6,84868061,Tesla
2023-05-04,69.1,69.31,68.64,69.15,23275072,Apple
2023-05-04,88.74,89.3,87.94,88.42,57971160,Tesla
2023-05-05,70.81,71.11,70.11,70.83,82008816,Apple
2023-05-05,87.04,87.24,86.29,86.87,99111902,Tesla
2023-05-08,71.43,71.72,70.61,71.31,30074698,Apple
2023-05-08,86.91,86.95,86.52,86.73,22655687,Tesla
2023-05-09,70.99,71.74,70.5,71.05,108703922,Apple
2023-05-09,86.24,86.77,85.7,86.12,112738066,Tesla
2023-05-10,71.84,72.21,71.67,72.08,95785378,Apple
2023-05-10,87.01,87.05,86.56,86.9,51533593,Tesla
2023-05-11,73.62,74.21,72.78,73.36,93041436,Apple
2023-05-11,87.34,88.19,87.26,87.65,41697563,Tesla
2023-05-12,72.21,72.45,71.93,72.01,48482724,Apple
2023-05-12,86.45,86.66,85.91,86.47,105184063,Tesla
2023-05-15,72.47,73.19,71.9,72.66,89254841,Apple
2023-05-15,87.41,88.2,86.89,87.32,53822019,Tesla
2023-05-16,73.52,73.83,72.75,73.42,89335081,Apple
2023-05-16,86.92,87.33,86.58,86.82,41888222,Tesla
2023-05-17,73.02,73.51,72.74,73.09,54187163,Apple
2023-05-17,85.98,86.17,85.35,85.76,57355599,Tesla
2023-05-18,74.64,75.26,74.13,74.6,72546474,Apple
2023-05-18,85.57,86.48,84.9,85.74,37969765,Tesla
2023-05-19,74.48,75.08,74.11,74.43,107146882,Apple
2023-05-19,83.95,84.16,83.17,83.85,41170351,Tesla
2023-05-22,74.54,75.22,74.21,74.57,63964403,Apple
2023-05-22,84.84,85.28,84.28,85.02,78690057,Tesla
2023-05-23,74.26,74.42,74.03,74.38,96014729,Apple
2023-05-23,84.91,85.65,84.51,84.95,83088364,Tesla
2023-05-24,74.29,74.91,73.73,74.4,58145210,Apple
2023-05-24,84.89,85.16,84.4,84.9,78970534,Tesla
2023-05-25,73.04,73.28,72.36,73.17,113575145,Apple
2023-05-25,84.94,85.29,84.47,84.79,95646051,Tesla
2023-05-26,71.47,71.89,70.8,71.59,58703819,Apple
2023-05-26,87.02,87.32,86.78,86.89,100035705,Tesla
2023-05-29,73.29,73.71,73.17,73.3,109282990,Apple
2023-05-29,88.89,88.99,88.52,88.87,23403154,Tesla
2023-05-30,72.27,72.66,71.64,72.37,29869865,Apple
2023-05-30,90.28,90.7,89.8,90.67,90813051,Tesla
2023-05-31,71.39,71.77,70.77,71.3,114326621,Apple
2023-05-31,90.63,91.29,90.01,90.55,42465042,Tesla
2023-06-01,69.2,69.89,68.82,68.99,31287967,Apple
2023-06-01,88.99,89.61,88.16,89.04,108981835,Tesla
2023-06-02,68.25,68.43,68.21,68.33,78159529,Apple
2023-06-02,89.26,89.51,88.32,89.01,116214333,Tesla
2023-06-05,67.01,67.46,66.8,66.98,115061407,Apple
2023-06-05,89.64,89.91,89.3,89.43,58662796,Tesla
2023-06-06,68.69,68.97,68,68.63,23561497,Apple
2023-06-06,90.35,91.38,90.2,90.52,89053976,Tesla
2023-06-07,69.73,69.82,69.22,69.67,44096114,Apple
2023-06-07,91.05,91.95,90.86,90.95,46440792,Tesla
2023-06-08,68.96,69.07,68.45,68.95,84934272,Apple
2023-06-08,89.65,90.08,88.89,89.55,100213595,Tesla
2023-06-09,71.38,72.06,71.09,71.28,70593847,Apple
2023-06-09,88.92,89.63,88.2,88.83,22339326,Tesla
2023-06-12,72.4,73.03,71.81,72.33,89979388,Apple
2023-06-12,88.06,88.71,87.12,87.99,112364841,Tesla
2023-06-13,71.8,72.63,71.78,71.97,52145513,Apple
2023-06-13,88.82,89.08,88.24,88.7,86098036,Tesla
2023-06-14,69.4,70.08,69.02,69.28,77773185,Apple
2023-06-14,89.72,89.78,88.71,89.45,119487526,Tesla
2023-06-15,71.78,71.93,71.21,71.66,119957584,Apple
2023-06-15,90.29,90.52,89.77,90.39,27556484,Tesla
2023-06-16,70.06,70.41,69.95,70.16,57421725,Apple
2023-06-16,90.63,91.56,89.84,90.79,110425424,Tesla
2023-06-19,68.44,68.89,67.87,68.43,36810950,Apple
2023-06-19,88.13,88.77,87.36,87.99,86242666,Tesla
2023-06-20,69.58,69.91,69.32,69.48,36990515,Apple
2023-06-20,85.39,86.28,84.84,85.71,100303214,Tesla
2023-06-21,71.99,72.32,71.52,72.02,56325466,Apple
2023-06-21,85.64,85.76,85.05,85.53,47352340,Tesla
2023-06-22,73.68,73.94,73.22,73.52,112417416,Apple
2023-06-22,85.74,86.29,85.04,85.66,113439189,Tesla
2023-06-23,74.49,74.93,73.7,74.14,20671253,Apple
2023-06-23,86.86,87.94,86.49,87.27,74535910,Tesla
2023-06-26,74.68,75.23,74.6,74.8,113827873,Apple
2023-06-26,87.26,88.12,87.17,87.37,118494257,Tesla
2023-06-27,75.55,75.88,75.54,75.76,52260205,Apple
2023-06-27,86.36,86.37,86.06,86.09,77811449,Tesla
2023-06-28,76.67,77.03,75.92,76.62,43465520,Apple
2023-06-28,86.69,87.54,86.28,86.95,21135736,Tesla
2023-06-29,77.06,77.48,76.74,76.94,94020480,Apple
2023-06-29,86.96,86.98,86.4,86.92,97347973,Tesla
2023-06-30,77.03,77.5,76.4,77.07,93724243,Apple
2023-06-30,86.23,87.01,86.16,86.4,116752335,Tesla
2023-07-03,77.22,77.38,76.22,76.99,79414068,Apple
2023-07-03,84.19,84.84,83.95,84.31,112012481,Tesla
2023-07-04,75.92,76.69,75.76,76.12,42403427,Apple
2023-07-04,84.74,84.86,84.14,84.41,97833586,Tesla
2023-07-05,75.91,75.93,75.6,75.8,56816763,Apple
2023-07-05,84.73,85.37,84.23,84.7,80752128,Tesla
2023-07-06,73.79,74.14,73.3,73.88,40602307,Apple
2023-07-06,83.53,83.58,83.21,83.44,43496376,Tesla
2023-07-07,74.02,74.6,73.06,73.77,77245800,Apple
2023-07-07,84.35,85.07,84.27,84.37,21865501,Tesla
2023-07-10,72.96,73.37,72.01,72.67,25015551,Apple
2023-07-10,84.94,85.42,84.8,85.2,69918905,Tesla
2023-07-11,71.36,71.66,71,71.47,111912341,Apple
2023-07-11,85.06,85.85,84.91,85.26,115731562,Tesla
2023-07-12,71.58,72.16,71.02,71.66,68294603,Apple
2023-07-12,85.48,86.27,84.56,85.28,106121380,Tesla
2023-07-13,73.29,73.7,73.06,73.16,43413609,Apple
2023-07-13,86.51,86.81,86.24,86.49,47001903,Tesla
2023-07-14,74.11,74.76,73.39,74.17,77033002,Apple
2023-07-14,86.83,87.4,86.21,86.96,113161046,Tesla
2023-07-17,72.41,72.95,71.72,72.42,74021286,Apple
2023-07-17,86.04,86.45,85.56,86.05,33235072,Tesla
2023-07-18,71.35,71.78,71.23,71.35,58041288,Apple
2023-07-18,85.91,86.04,84.95,85.79,87045394,Tesla
2023-07-19,72.07,72.71,71.86,72.35,96692527,Apple
2023-07-19,86.59,87.1,86.27,86.51,53595842,Tesla
2023-07-20,71.28,71.38,71.21,71.29,21208957,Apple
2023-07-20,83.74,84.5,83.61,83.87,38580353,Tesla
2023-07-21,70.95,71.23,70.75,71.05,71473414,Apple
2023-07-21,82.44,83.46,82.4,82.7,34079031,Tesla
2023-07-24,71.56,71.93,70.98,71.63,62719684,Apple
2023-07-24,83.48,84.26,83.28,83.55,96378852,Tesla
2023-07-25,70.8,71.22,70.32,70.59,115638400,Apple
2023-07-25,85.25,85.68,84.48,85.06,50076560,Tesla
2023-07-26,70.53,71.07,70.46,70.7,70856306,Apple
2023-07-26,86.51,87.13,86.29,86.36,91531611,Tesla
2023-07-27,69.4,69.6,69.05,69.29,75950884,Apple
2023-07-27,87.59,88.29,87.31,87.52,61280224,Tesla
2023-07-28,68.62,68.67,67.95,68.66,79507174,Apple
2023-07-28,87.66,88.12,86.91,87.69,113755029,Tesla
2023-07-31,68.95,69.33,68.52,68.99,84773330,Apple
2023-07-31,86.25,86.44,85.75,86.34,113114216,Tesla
2023-08-01,67.45,67.64,67.06,67.34,111994276,Apple
2023-08-01,86.06,86.46,86,86.08,111937050,Tesla
2023-08-02,67.83,68.33,67.68,67.79,36780412,Apple
2023-08-02,83.64,84.34,83.47,83.51,91742436,Tesla
2023-08-03,67.85,67.86,67.1,67.77,29938256,Apple
2023-08-03,85.31,85.82,85.09,85.14,26072479,Tesla
2023-08-04,68.46,68.86,67.77,68.33,73989567,Apple
2023-08-04,84.05,84.7,83.26,84.1,39322171,Tesla
2023-08-07,68.51,69.21,68.32,68.56,42907093,Apple
2023-08-07,83.85,84,82.71,83.42,58596460,Tesla
2023-08-08,69.88,70.08,69.83,69.96,94251591,Apple
2023-08-08,84.76,85.58,84.03,84.75,30134683,Tesla
2023-08-09,69.94,70.42,69.9,70.09,99176060,Apple
2023-08-09,82.64,83.03,81.87,82.69,83425399,Tesla
2023-08-10,69.53,69.71,69.44,69.64,80190273,Apple
2023-08-10,81.46,81.99,80.81,81.22,114197449,Tesla
2023-08-11,70.18,70.62,69.37,69.77,42986990,Apple
2023-08-11,81.21,81.56,81.01,81.55,25908947,Tesla
2023-08-14,70.51,70.9,69.69,70.34,115059475,Apple
2023-08-14,82.26,82.37,81.85,82.18,113036440,Tesla
2023-08-15,70.2,70.68,69.85,70.39,37636027,Apple
2023-08-15,82.08,82.74,81.49,82.09,74408020,Tesla
2023-08-16,70.25,70.8,69.66,70.43,40841553,Apple
2023-08-16,82.28,83.08,81.33,82.05,102297293,Tesla
2023-08-17,69.76,70.38,69.38,69.69,67301994,Apple
2023-08-17,83.71,83.98,83.24,83.61,51468373,Tesla
2023-08-18,69.07,69.21,68.51,69,64607689,Apple
2023-08-18,84.43,84.46,83.95,84.4,35679604,Tesla
2023-08-21,67.62,67.64,67.05,67.55,23636119,Apple
2023-08-21,85.15,85.46,84.25,85.04,85083755,Tesla
2023-08-22,69.28,69.92,69.16,69.32,40334211,Apple
2023-08-22,85.85,86.04,85.75,86.03,26678134,Tesla
2023-08-23,68.01,68.42,67.76,68.03,55221540,Apple
2023-08-23,85.81,85.97,84.9,85.64,117916614,Tesla
2023-08-24,67.36,67.96,66.89,67.32,22853507,Apple
2023-08-24,88.19,89.1,88.05,88.43,90416272,Tesla
2023-08-25,66.61,67,66.55,66.59,111479628,Apple
2023-08-25,85.43,86.23,84.96,85.37,54443729,Tesla
2023-08-28,67.19,68.03,66.95,67.49,46947160,Apple
2023-08-28,87.24,87.32,87.05,87.24,69669894,Tesla
2023-08-29,67.16,67.48,66.8,67.19,112899276,Apple
2023-08-29,88.11,88.91,87.58,88.42,98952631,Tesla
2023-08-30,68.33,68.96,67.65,68.45,36450961,Apple
2023-08-30,88.76,88.99,88.25,88.75,33066175,Tesla
2023-08-31,67.78,68.4,67.43,67.76,78125052,Apple
2023-08-31,88.9,89.03,88.52,88.85,87666579,Tesla
2023-09-01,68.45,68.84,67.48,68.04,103214330,Apple
2023-09-01,88.53,88.84,87.77,88.65,29956517,Tesla
2023-09-04,67.24,67.36,66.9,67.19,38931543,Apple
2023-09-04,89.93,90.64,89.34,90.11,48788810,Tesla
2023-09-05,69.3,69.53,68.75,69.35,24070081,Apple
2023-09-05,90.15,90.21,89.41,90.06,109812715,Tesla
2023-09-06,68.24,68.37,67.71,68.11,96647599,Apple
2023-09-06,89.14,89.53,88.94,89.08,106899513,Tesla
2023-09-07,68.5,68.66,67.82,68.43,83719968,Apple
2023-09-07,90.32,90.45,89.49,90.28,99522294,Tesla
2023-09-08,69.14,69.35,68.8,69.08,81210169,Apple
2023-09-08,92.43,92.68,92.27,92.43,38630194,Tesla
2023-09-11,69.59,69.98,69.09,69.51,103723730,Apple
2023-09-11,89.66,89.93,89.46,89.76,48294486,Tesla
2023-09-12,69.6,70.01,68.88,69.32,57471432,Apple
2023-09-12,93.35,94.18,92.81,92.93,29401594,Tesla
2023-09-13,69.02,69.48,68.74,69.18,53016347,Apple
2023-09-13,91.43,92.13,91.03,91.49,45386791,Tesla
2023-09-14,69.29,69.72,69.13,69.23,81398562,Apple
2023-09-14,90.01,90.95,89.21,90.17,76511298,Tesla
2023-09-15,68.95,69.13,68.88,69.07,97712376,Apple
2023-09-15,88.49,88.83,88.26,88.48,88284335,Tesla
2023-09-18,70.15,70.21,70.06,70.07,61727974,Apple
2023-09-18,88.45,88.76,88.12,88.48,76912563,Tesla
2023-09-19,72.26,72.52,71.63,72.4,55905148,Apple
2023-09-19,86.73,87.12,86,86.79,66221148,Tesla
2023-09-20,71.73,72.16,71.56,71.79,99985033,Apple
2023-09-20,85.6,85.61,84.75,85.28,55333614,Tesla
2023-09-21,70.27,70.47,70.13,70.32,50948393,Apple
2023-09-21,84.21,85.01,83.57,84.4,93179757,Tesla
2023-09-22,70.36,70.56,69.71,70.22,118447956,Apple
2023-09-22,84.58,84.88,84.39,84.57,92004065,Tesla
2023-09-25,73.07,73.37,72.71,72.94,69713851,Apple
2023-09-25,84.69,85.14,84.08,84.87,91776081,Tesla
2023-09-26,71.88,72.65,71.52,72.06,27061944,Apple
2023-09-26,86.36,86.97,86.16,86.45,33204557,Tesla
2023-09-27,73.84,73.85,73.71,73.83,46548036,Apple
2023-09-27,88.34,88.72,87.16,88.03,80675025,Tesla
2023-09-28,75.58,76.18,74.86,75.69,46424936,Apple
2023-09-28,89.43,90.31,88.88,89.38,85218049,Tesla
2023-09-29,74.87,75.56,74.23,75.06,107762425,Apple
2023-09-29,89.08,89.4,88.41,89.03,111864384,Tesla
2023-10-02,75.67,76.31,75.02,75.7,98678335,Apple
2023-10-02,86.41,87.11,86.31,86.57,48666145,Tesla
2023-10-03,77.5,78.27,77.19,77.55,119031592,Apple
2023-10-03,84.08,84.42,83.87,84.15,77824936,Tesla
2023-10-04,77.48,77.5,76.52,77.11,97140535,Apple
2023-10-04,85.75,86.6,85.32,85.44,34572271,Tesla
2023-10-05,76.94,77.06,76.76,76.87,26134678,Apple
2023-10-05,86.61,86.99,86.18,86.52,61052106,Tesla
2023-10-06,75.99,76.88,75.99,76.2,71897624,Apple
2023-10-06,85.66,86.26,85.42,85.72,98948374,Tesla
2023-10-09,74.96,75.39,74.94,75.04,103020762,Apple
2023-10-09,83.94,84.05,83.25,83.87,31334437,Tesla
2023-10-10,74.46,74.89,73.88,74.31,111516805,Apple
2023-10-10,82.59,83.2,82.46,82.55,89916843,Tesla
2023-10-11,73.25,73.74,72.62,72.95,62155894,Apple
2023-10-11,82.63,82.99,82.01,82.77,59048002,Tesla
2023-10-12,72.75,73.48,72.38,72.99,58298785,Apple
2023-10-12,82.92,83.36,82.89,82.99,87668285,Tesla
2023-10-13,71.87,72.82,71.87,72.14,44037435,Apple
2023-10-13,84.66,85.41,84.11,84.28,36462731,Tesla
2023-10-16,72.67,73.39,72.09,72.4,22956156,Apple
2023-10-16,83.78,84.59,83.05,83.71,80730141,Tesla
2023-10-17,70.76,71.27,70.2,70.71,39058912,Apple
2023-10-17,83.15,83.76,82.53,83.41,37974102,Tesla
2023-10-18,70.93,71.26,70.62,71.06,35030066,Apple
2023-10-18,84.9,85.61,84.41,84.82,103298984,Tesla
2023-10-19,72.02,72.66,71.42,71.95,54687675,Apple
2023-10-19,82.33,82.37,82.07,82.11,69660819,Tesla
2023-10-20,69.43,69.83,69.26,69.79,53559109,Apple
2023-10-20,82.35,83.2,81.85,82.5,39971189,Tesla
2023-10-23,70.19,70.35,69.62,70.19,28593188,Apple
2023-10-23,82.01,82.61,81.68,82.09,72656610,Tesla
2023-10-24,71.53,72.17,71.06,71.48,36907550,Apple
2023-10-24,83.21,83.61,82.7,82.97,86937948,Tesla
2023-10-25,70.31,70.49,70.03,70.18,36202721,Apple
2023-10-25,83.61,84.35,83.07,83.6,109915130,Tesla
2023-10-26,71.8,72.1,71.63,71.94,69778856,Apple
2023-10-26,82.71,83.43,82.35,82.73,27405106,Tesla
2023-10-27,72.41,72.51,71.94,72.39,74889533,Apple
2023-10-27,81.88,82.35,81.81,82.1,82972764,Tesla
2023-10-30,71.5,72.24,70.9,71.63,47217933,Apple
2023-10-30,79.44,80.07,78.54,79.27,52729728,Tesla
2023-10-31,71.61,71.96,71.27,71.57,106395043,Apple
2023-10-31,80.13,80.24,79.5,80.16,66818279,Tesla
2023-11-01,72.04,72.66,71.85,72.17,78152355,Apple
2023-11-01,80.1,81.11,80.05,80.45,102262407,Tesla
2023-11-02,72.19,72.42,71.57,72.25,92936180,Apple
2023-11-02,81.88,82.69,81.45,82.13,35935736,Tesla
2023-11-03,72.69,73.39,72.2,72.83,47047758,Apple
2023-11-03,81.55,81.71,81.48,81.64,31423333,Tesla
2023-11-06,71.92,72.47,71.51,71.83,81416967,Apple
2023-11-06,82.58,83.33,81.89,82.76,118197328,Tesla
2023-11-07,72.13,72.36,71.66,72.01,87667609,Apple
2023-11-07,81.29,81.91,80.79,81.43,69176146,Tesla
2023-11-08,70.45,70.77,70.31,70.48,45732643,Apple
2023-11-08,78.5,78.96,78,78.13,99174334,Tesla
2023-11-09,70.37,70.52,69.93,70.37,101993263,Apple
2023-11-09,78.13,78.36,78,78.02,118589838,Tesla
2023-11-10,69.21,70.09,68.96,69.41,68701012,Apple
2023-11-10,76.96,77.56,76.93,77.36,63275500,Tesla
2023-11-13,68.61,69.09,67.92,68.65,67698365,Apple
2023-11-13,76.09,76.72,75.7,76.14,33549854,Tesla
2023-11-14,69.91,70.57,69.58,69.92,99949007,Apple
2023-11-14,77.15,77.36,76.58,77.16,92907028,Tesla
2023-11-15,71.44,71.65,70.72,71.06,56425173,Apple
2023-11-15,78.33,78.91,78.23,78.56,61525697,Tesla
2023-11-16,71.55,72.27,71.15,71.71,61464523,Apple
2023-11-16,78.77,79.32,78.51,78.69,92002728,Tesla
2023-11-17,70.74,71.29,69.89,70.54,45802855,Apple
2023-11-17,78.15,78.53,77.89,78.47,66160314,Tesla
2023-11-20,70.34,70.83,69.64,70.2,22865893,Apple
2023-11-20,78.72,79.18,78.37,78.54,93045175,Tesla
2023-11-21,71.52,72.21,71.16,71.48,97500841,Apple
2023-11-21,78,78.46,77.47,77.77,78379308,Tesla
2023-11-22,71.88,72.17,71.12,71.63,84521316,Apple
2023-11-22,78.8,79.34,77.99,78.43,78284858,Tesla
2023-11-23,74.18,74.28,73.69,74.12,88359708,Apple
2023-11-23,76.38,76.9,75.86,76.62,111977649,Tesla
2023-11-24,74.62,75.12,74.19,74.56,20916094,Apple
2023-11-24,75.18,75.73,74.46,75.39,56757460,Tesla
2023-11-27,74.77,75.32,74.63,74.78,108175441,Apple
2023-11-27,74.6,74.84,73.8,74.49,108142299,Tesla
2023-11-28,74.61,75.04,74.08,74.43,77050790,Apple
2023-11-28,75.27,75.88,74.67,75.1,29576700,Tesla
2023-11-29,74.74,74.9,74.4,74.58,68383953,Apple
2023-11-29,74.88,74.97,74.21,74.76,80369184,Tesla
2023-11-30,74.32,74.78,73.64,74.41,105351168,Apple
2023-11-30,76.45,77.18,75.56,76.28,89190867,Tesla
2023-12-01,75,75.43,74.75,75.2,76479526,Apple
2023-12-01,77.41,77.9,77.14,77.2,112341223,Tesla
2023-12-04,76.25,76.6,75.52,76.28,110501396,Apple
2023-12-04,76.3,76.98,76.27,76.27,99171248,Tesla
2023-12-05,75.26,75.87,74.86,75.38,33458496,Apple
2023-12-05,76.96,77.33,76.94,77,96386619,Tesla
2023-12-06,73.86,74.42,73.4,73.87,42046478,Apple
2023-12-06,76.32,76.78,75.89,76.53,30349107,Tesla
2023-12-07,72.02,72.18,71.45,71.84,34756739,Apple
2023-12-07,77.02,77.76,76.44,77.07,29917877,Tesla
2023-12-08,72.32,72.68,72.23,72.39,65055292,Apple
2023-12-08,78.03,78.13,77.75,78.05,107975334,Tesla
2023-12-11,71.18,71.38,70.91,71.19,25236840,Apple
2023-12-11,79.21,79.45,78.78,79.36,81002984,Tesla
2023-12-12,68.9,69.03,68.82,68.89,35954465,Apple
2023-12-12,79.59,79.84,79.18,79.6,88288432,Tesla
2023-12-13,69.41,69.95,68.86,69.29,97869165,Apple
2023-12-13,81.34,82.29,81.26,81.51,92788090,Tesla
2023-12-14,71.56,72.54,71.24,71.88,49335471,Apple
2023-12-14,82.23,82.75,81.79,82.05,62117993,Tesla
2023-12-15,71.79,72.14,71.23,71.88,27660064,Apple
2023-12-15,82.29,82.74,82.2,82.22,25829567,Tesla
2023-12-18,72.81,73.36,72.62,72.78,102872673,Apple
2023-12-18,81.77,82.42,81.68,81.84,56096213,Tesla
2023-12-19,73.04,73.7,72.75,72.87,37363686,Apple
2023-12-19,81.1,81.44,80.41,81.07,90579014,Tesla
2023-12-20,72.69,73.38,72.39,72.76,77502012,Apple
2023-12-20,81.4,82.2,80.72,81.58,55240582,Tesla
2023-12-21,73.49,73.9,72.81,73.76,107860489,Apple
2023-12-21,81.54,82.02,80.88,81.7,27238599,Tesla
2023-12-22,73.53,74.24,72.92,73.44,115579829,Apple
2023-12-22,81.92,82.7,81.32,82.02,95138877,Tesla
2023-12-25,73.64,74.02,73.34,73.74,74980940,Apple
2023-12-25,82.58,82.83,81.93,82.61,86839127,Tesla
2023-12-26,73.92,74.34,73.53,74.09,38953728,Apple
2023-12-26,82.95,83.18,82.37,82.93,59465751,Tesla
2023-12-27,73.26,73.4,73.2,73.35,23683460,Apple
2023-12-27,85.46,85.91,84.86,85.44,93396263,Tesla
2023-12-28,74.41,74.8,73.68,74.44,62066702,Apple
2023-12-28,84.54,85.12,83.97,84.76,96421871,Tesla
2023-12-29,74.16,74.33,73.66,74.25,38595568,Apple
2023-12-29,85.29,85.86,84.86,85.31,69787527,Tesla
